name,set,short set,id in set,quantity,mana cost,colors,types,subtypes,converted mana cost,cards in set,rarity,toughness,power,multiverse id,english text,english flavor
Abzan Advantage,Fate Reforged,FRF,2,5,{1}{W},['White'],['Instant'],,2,,Common,,,391781,Target player sacrifices an enchantment. Bolster 1. (Choose a creature with the least toughness among creatures you control and put a +1/+1 counter on it.),"""To survive, you must seize every opportunity."" —Daghatar the Adamant"
Abzan Runemark,Fate Reforged,FRF,3,10,{2}{W},['White'],['Enchantment'],['Aura'],3,,Common,,,391784,Enchant creatureEnchanted creature gets +2/+2.Enchanted creature has vigilance as long as you control a black or green permanent.,
Abzan Skycaptain,Fate Reforged,FRF,4,9,{3}{W},['White'],['Creature'],"['Bird', 'Soldier']",4,,Common,2,2,391785,"FlyingWhen Abzan Skycaptain dies, bolster 2. (Choose a creature with the least toughness among creatures you control and put two +1/+1 counters on it.)","""A tempest is coming. Turn your faces toward the wind!"""
Artful Maneuver,Dragons of Tarkir,DTK,4,4,{1}{W},['White'],['Instant'],,2,,Common,,,394496,"Target creature gets +2/+2 until end of turn.Rebound (If you cast this spell from your hand, exile it as it resolves. At the beginning of your next upkeep, you may cast this card from exile without paying its mana cost.)",
Binding Mummy,Amonkhet,AKH,6,1,{1}{W},['White'],['Creature'],['Zombie'],2,,Common,2,2,426708,"Whenever another Zombie enters the battlefield under your control, you may tap target artifact or creature.","What the gods decree, the mummies enforce."
Aven Skirmisher,Fate Reforged,FRF,6,9,{W},['White'],['Creature'],"['Bird', 'Warrior']",1,,Common,1,1,391797,Flying,"""We do not hide from the dragons that pretend to rule the skies. If we did, the dragons would become our rulers, and our way of life would be lost."""
Aven Tactician,Dragons of Tarkir,DTK,6,5,{4}{W},['White'],['Creature'],"['Bird', 'Soldier']",5,,Common,3,2,394505,"FlyingWhen Aven Tactician enters the battlefield, bolster 1. (Choose a creature with the least toughness among creatures you control and put a +1/+1 counter on it.)","The aven are admired, for they are able to fly with the dragons."
Center Soul,Dragons of Tarkir,DTK,8,1,{1}{W},['White'],['Instant'],,2,,Common,,,394514,"Target creature you control gains protection from the color of your choice until end of turn.Rebound (If you cast this spell from your hand, exile it as it resolves. At the beginning of your next upkeep, you may cast this card from exile without paying its mana cost.)",
Compulsory Rest,Amonkhet,AKH,9,2,{1}{W},['White'],['Enchantment'],['Aura'],2,,Common,,,426711,"Enchant creatureEnchanted creature can't attack or block.Enchanted creature has ""{2}, Sacrifice this creature: You gain 2 life.""",The pain of death is nothing compared to the pain of failure.
Champion of Arashin,Dragons of Tarkir,DTK,9,6,{3}{W},['White'],['Creature'],"['Hound', 'Warrior']",4,,Common,2,3,394515,Lifelink (Damage dealt by this creature also causes you to gain that much life.),"""The blood of Dromoka and the blood of my veins are the same."""
Dragon Bell Monk,Fate Reforged,FRF,10,6,{2}{W},['White'],['Creature'],"['Human', 'Monk']",3,,Common,2,2,391822,"VigilanceProwess (Whenever you cast a noncreature spell, this creature gets +1/+1 until end of turn.)",He has spent years training his eyes and ears to detect the subtle signs of a dragon's approach.
Fan Bearer,Amonkhet,AKH,12,1,{W},['White'],['Creature'],['Zombie'],1,,Common,2,1,426714,"{2}, {T}: Tap target creature.",Rest sometimes requires the right prompting.
Elite Scaleguard,Fate Reforged,FRF,12,1,{4}{W},['White'],['Creature'],"['Human', 'Soldier']",5,,Uncommon,3,2,391826,"When Elite Scaleguard enters the battlefield, bolster 2. (Choose a creature with the least toughness among creatures you control and put two +1/+1 counters on it.)Whenever a creature you control with a +1/+1 counter on it attacks, tap target creature defending player controls.",
Forsake the Worldly,Amonkhet,AKH,13,1,{2}{W},['White'],['Instant'],,3,,Common,,,426715,"Exile target artifact or enchantment.Cycling {2} ({2}, Discard this card: Draw a card.)","""Why cling to these trappings? They are but tools and affectations. True wealth can be possessed only in the afterlife."""
Great-Horn Krushok,Fate Reforged,FRF,13,6,{4}{W},['White'],['Creature'],['Beast'],5,,Common,5,3,391848,,"Perfectly suited for life in the Shifting Wastes, the krushok is well protected by its horn, its hide, and its temper."
Dromoka Dunecaster,Dragons of Tarkir,DTK,13,3,{W},['White'],['Creature'],"['Human', 'Wizard']",1,,Common,2,0,394555,"{1}{W}, {T}: Tap target creature without flying.","""The dragonlords rule the tempests of the skies. Here in the wastes, the storms are mine to command."""
Dromoka Warrior,Dragons of Tarkir,DTK,14,7,{1}{W},['White'],['Creature'],"['Human', 'Warrior']",2,,Common,1,3,394557,,"Dromoka has regard for the humans who serve under her. In return for her protection, they obey with steadfast loyalty, acting as weapons for her and her scalelords against the other clans."
Enduring Victory,Dragons of Tarkir,DTK,16,6,{4}{W},['White'],['Instant'],,5,,Common,,,394566,Destroy target attacking or blocking creature. Bolster 1. (Choose a creature with the least toughness among creatures you control and put a +1/+1 counter on it.),"""My dragonlord is immortal. Most dragons are not."" —Kadri, Dromoka warrior"
Gust Walker,Amonkhet,AKH,17,3,{1}{W},['White'],['Creature'],"['Human', 'Wizard']",2,,Common,2,2,426719,"You may exert Gust Walker as it attacks. When you do, it gets +1/+1 and gains flying until end of turn. (An exerted creature won't untap during your next untap step.)","""I'm never unarmed."""
Fate Forgotten,Dragons of Tarkir,DTK,17,3,{2}{W},['White'],['Instant'],,3,,Common,,,394570,Exile target artifact or enchantment.,"When Sarkhan saved Ugin in Tarkir's past, it changed Tarkir's future. The Sultai no longer exist, having been supplanted by the dragonlord Silumgar and his clan."
In Oketra's Name,Amonkhet,AKH,19,1,{1}{W},['White'],['Instant'],,2,,Common,,,426721,Zombies you control get +2/+1 until end of turn. Other creatures you control get +1/+1 until end of turn.,"""A single grain of sand is insignificant, but a sandstorm can reduce pyramids to dust. Stand with your crop. Become the storm."" —Oketra, god of solidarity"
Pressure Point,Fate Reforged,FRF,21,12,{1}{W},['White'],['Instant'],,2,,Common,,,391896,Tap target creature.Draw a card.,"By studying dragon anatomy, Jeskai monks have learned how to locate clusters of nerves that will incapacitate even the mightiest dragons."
Herald of Dromoka,Dragons of Tarkir,DTK,22,6,{1}{W},['White'],['Creature'],"['Human', 'Warrior']",2,,Common,2,2,394595,VigilanceOther Warrior creatures you control have vigilance.,The trumpeters of Arashin are ever alert in their watch over the Great Aerie.
Sandblast,Fate Reforged,FRF,24,9,{2}{W},['White'],['Instant'],,3,,Common,,,391912,Sandblast deals 5 damage to target attacking or blocking creature.,"In the Shifting Wastes, more are killed by sand than by steel."
Lightwalker,Dragons of Tarkir,DTK,24,5,{1}{W},['White'],['Creature'],"['Human', 'Warrior']",2,,Common,1,2,394616,Lightwalker has flying as long as it has a +1/+1 counter on it.,"""The greatest gift Dromoka gives is the ability to fly without wings."" —Urdnan, Dromoka warrior"
Sandsteppe Outcast,Fate Reforged,FRF,25,13,{2}{W},['White'],['Creature'],"['Human', 'Warrior']",3,,Common,1,2,391914,"When Sandsteppe Outcast enters the battlefield, choose one —• Put a +1/+1 counter on Sandsteppe Outcast.• Create a 1/1 white Spirit creature token with flying.",
Misthoof Kirin,Dragons of Tarkir,DTK,25,8,{2}{W},['White'],['Creature'],['Kirin'],3,,Common,1,2,394626,"Flying, vigilanceMegamorph {1}{W} (You may cast this card face down as a 2/2 creature for {3}. Turn it face up any time for its megamorph cost and put a +1/+1 counter on it.)",It heralded Sarkhan's return to Tarkir's present.
Rhet-Crop Spearmaster,Amonkhet,AKH,26,1,{2}{W},['White'],['Creature'],"['Human', 'Warrior']",3,,Common,1,3,426728,"You may exert Rhet-Crop Spearmaster as it attacks. When you do, it gets +1/+0 and gains first strike until end of turn. (An exerted creature won't untap during your next untap step.)","""In the afterlife, I'll have no need of sleep. And until then, I have no time for it!"""
Soul Summons,Fate Reforged,FRF,26,10,{1}{W},['White'],['Sorcery'],,2,,Common,,,391926,Manifest the top card of your library. (Put it onto the battlefield face down as a 2/2 creature. Turn it face up any time for its mana cost if it's a creature card.),Ugin's magic reaches beyond the dragons. The clans have adapted it for war.
Sacred Cat,Amonkhet,AKH,27,1,{W},['White'],['Creature'],['Cat'],1,,Common,1,1,426729,"LifelinkEmbalm {W} ({W}, Exile this card from your graveyard: Create a token that's a copy of it, except it's a white Zombie Cat with no mana cost. Embalm only as a sorcery.)",
Seraph of the Suns,Amonkhet,AKH,28,1,{5}{W}{W},['White'],['Creature'],['Angel'],7,,Uncommon,4,4,426730,"FlyingIndestructible (Damage and effects that say ""destroy"" don't destroy this creature. If its toughness is 0 or less, it's still put into its owner's graveyard.)","""Angels? My feelings remain unchanged."" —Liliana Vess"
Valorous Stance,Fate Reforged,FRF,28,1,{1}{W},['White'],['Instant'],,2,,Uncommon,,,391950,Choose one —• Target creature gains indestructible until end of turn.• Destroy target creature with toughness 4 or greater.,"""Every choice alters the path of fate."" —Sarkhan Vol"
Pacifism,Dragons of Tarkir,DTK,29,3,{1}{W},['White'],['Enchantment'],['Aura'],2,,Common,,,394645,Enchant creatureEnchanted creature can't attack or block.,"""If I fight, I might step on a butterfly. That would be sad.""—Krowg of Qal Sisma"
Wandering Champion,Fate Reforged,FRF,29,1,{1}{W},['White'],['Creature'],"['Human', 'Monk']",2,,Uncommon,1,3,391952,"Whenever Wandering Champion deals combat damage to a player, if you control a blue or red permanent, you may discard a card. If you do, draw a card.","""Learn from your enemies, but do not tolerate them."""
Aven Surveyor,Fate Reforged,FRF,31,5,{3}{U}{U},['Blue'],['Creature'],"['Bird', 'Scout']",5,,Common,2,2,391798,"FlyingWhen Aven Surveyor enters the battlefield, choose one —• Put a +1/+1 counter on Aven Surveyor.• Return target creature to its owner's hand.",
Resupply,Dragons of Tarkir,DTK,32,5,{5}{W},['White'],['Instant'],,6,,Common,,,394664,You gain 6 life.Draw a card.,"""If the scalelords are the brains of Dromoka's army, the supply caravans are its beating heart."" —Baihir, Dromoka mage"
Cloudform,Fate Reforged,FRF,32,1,{1}{U}{U},['Blue'],['Enchantment'],,3,,Uncommon,,,391810,"When Cloudform enters the battlefield, it becomes an Aura with enchant creature. Manifest the top card of your library and attach Cloudform to it. (To manifest a card, put it onto the battlefield face down as a 2/2 creature. Turn it face up any time for its mana cost if it's a creature card.)Enchanted creature has flying and hexproof.",
Time to Reflect,Amonkhet,AKH,33,1,{W},['White'],['Instant'],,1,,Uncommon,,,426735,Exile target creature that blocked or was blocked by a Zombie this turn.,"""Occasionally, there are those who refuse to appreciate all that the God-Pharaoh provides for us."" —Temmet, vizier of Naktamun"
Sandcrafter Mage,Dragons of Tarkir,DTK,33,1,{2}{W},['White'],['Creature'],"['Human', 'Wizard']",3,,Common,2,2,394672,"When Sandcrafter Mage enters the battlefield, bolster 1. (Choose a creature with the least toughness among creatures you control and put a +1/+1 counter on it.)","With heat, sand can form a delicate work of art; with pressure, an impenetrable bulwark."
Enhanced Awareness,Fate Reforged,FRF,33,13,{4}{U},['Blue'],['Instant'],,5,,Common,,,391827,"Draw three cards, then discard a card.","""Study the topography of your enemies, and you will have a map to victory."" —Shu Yun, the Silent Tempest"
Trial of Solidarity,Amonkhet,AKH,34,1,{2}{W},['White'],['Enchantment'],,3,,Uncommon,,,426736,"When Trial of Solidarity enters the battlefield, creatures you control get +2/+1 and gain vigilance until end of turn.When a Cartouche enters the battlefield under your control, return Trial of Solidarity to its owner's hand.","""You will succeed as one or fail as many."""
Sandstorm Charger,Dragons of Tarkir,DTK,34,4,{4}{W},['White'],['Creature'],['Beast'],5,,Common,4,3,394674,Megamorph {4}{W} (You may cast this card face down as a 2/2 creature for {3}. Turn it face up any time for its megamorph cost and put a +1/+1 counter on it.),"""May our foes choke upon its horns!"" —Urdnan, Dromoka warrior"
Mountain,Duel Decks: Heroes vs. Monsters,DDL,35,1,,,['Land'],['Mountain'],,,Common,,,373387,({T}: Add {R}.),
Mountain,Duel Decks: Heroes vs. Monsters,DDL,35,1,,,['Land'],['Mountain'],,,Common,,,373387,({T}: Add {R}.),
Mountain,Duel Decks: Heroes vs. Monsters,DDL,35,1,,,['Land'],['Mountain'],,,Common,,,373387,({T}: Add {R}.),
Unwavering Initiate,Amonkhet,AKH,36,1,{2}{W},['White'],['Creature'],"['Human', 'Warrior']",3,,Common,2,3,426738,"VigilanceEmbalm {4}{W} ({4}{W}, Exile this card from your graveyard: Create a token that's a copy of it, except it's a white Zombie Human Warrior with no mana cost. Embalm only as a sorcery.)",
Mountain,Duel Decks: Heroes vs. Monsters,DDL,36,1,,,['Land'],['Mountain'],,,Common,,,373382,({T}: Add {R}.),
Mountain,Duel Decks: Heroes vs. Monsters,DDL,36,1,,,['Land'],['Mountain'],,,Common,,,373382,({T}: Add {R}.),
Mountain,Duel Decks: Heroes vs. Monsters,DDL,37,1,,,['Land'],['Mountain'],,81,Common,,,373346,({T}: Add {R}.),
Mountain,Duel Decks: Heroes vs. Monsters,DDL,37,1,,,['Land'],['Mountain'],,,Common,,,373346,({T}: Add {R}.),
Jeskai Runemark,Fate Reforged,FRF,37,8,{2}{U},['Blue'],['Enchantment'],['Aura'],3,,Common,,,391863,Enchant creatureEnchanted creature gets +2/+2.Enchanted creature has flying as long as you control a red or white permanent.,
Vizier of Remedies,Amonkhet,AKH,38,1,{1}{W},['White'],['Creature'],"['Human', 'Cleric']",2,,Uncommon,1,2,426740,"If one or more -1/-1 counters would be put on a creature you control, that many -1/-1 counters minus one are put on it instead.","""You'll need all your strength for the trials to come."""
Mountain,Duel Decks: Heroes vs. Monsters,DDL,38,2,,,['Land'],['Mountain'],,,Common,,,373411,({T}: Add {R}.),
Jeskai Sage,Fate Reforged,FRF,38,11,{1}{U},['Blue'],['Creature'],"['Human', 'Monk']",2,,Common,1,1,391864,"Prowess (Whenever you cast a noncreature spell, this creature gets +1/+1 until end of turn.)When Jeskai Sage dies, draw a card.","""The one who conquers the mind is greater than the one who conquers the world."""
Lotus Path Djinn,Fate Reforged,FRF,39,8,{3}{U},['Blue'],['Creature'],"['Djinn', 'Monk']",4,,Common,3,2,391869,"FlyingProwess (Whenever you cast a noncreature spell, this creature gets +1/+1 until end of turn.)","""The lotus takes root where body and mind intersect. It blooms when body and mind become one."""
Ancient Crab,Amonkhet,AKH,40,1,{1}{U}{U},['Blue'],['Creature'],['Crab'],3,,Common,5,1,426742,,The banks of the Luxa River attract all manner of predator but only the most resilient of prey.
Student of Ojutai,Dragons of Tarkir,DTK,40,9,{3}{W},['White'],['Creature'],"['Human', 'Monk']",4,,Common,4,2,394716,"Whenever you cast a noncreature spell, you gain 2 life.","""Human enlightenment is a firefly that sparks in the night. Dragon enlightenment is a beacon that disperses all darkness."""
Aven Initiate,Amonkhet,AKH,43,1,{3}{U},['Blue'],['Creature'],"['Bird', 'Warrior']",4,,Common,2,3,426745,"FlyingEmbalm {6}{U} ({6}{U}, Exile this card from your graveyard: Create a token that's a copy of it, except it's a white Zombie Bird Warrior with no mana cost. Embalm only as a sorcery.)",
Territorial Roc,Dragons of Tarkir,DTK,43,7,{1}{W},['White'],['Creature'],['Bird'],2,,Common,3,1,394729,Flying,"""Such lesser creatures must be purged from the sky. What use do they have but to help channel the lightning of our mighty dragonlord?"" —Gvar Barzeel, Kolaghan warrior"
Cancel,Amonkhet,AKH,44,2,{1}{U}{U},['Blue'],['Instant'],,3,,Common,,,426746,Counter target spell.,"""Let me try one of Kefnet's puzzles. This one was too easy."""
Ancient Carp,Dragons of Tarkir,DTK,44,8,{4}{U},['Blue'],['Creature'],['Fish'],5,,Common,5,2,394492,,"""Why eat now what could one day grow into a feast?"" —Ojutai, translated from Draconic"
Rakshasa's Disdain,Fate Reforged,FRF,45,13,{2}{U},['Blue'],['Instant'],,3,,Common,,,391900,Counter target spell unless its controller pays {1} for each card in your graveyard.,"""Every failure, every death only makes my strength greater."""
Censor,Amonkhet,AKH,46,1,{1}{U},['Blue'],['Instant'],,2,,Uncommon,,,426748,"Counter target spell unless its controller pays {1}.Cycling {U} ({U}, Discard this card: Draw a card.)","""Why so many questions?"" —Temmet, vizier of Naktamun"
Compelling Argument,Amonkhet,AKH,47,1,{1}{U},['Blue'],['Sorcery'],,2,,Common,,,426749,"Target player puts the top five cards of their library into their graveyard.Cycling {U} ({U}, Discard this card: Draw a card.)","""How can there be doubt in the presence of such blessings?"" —Ukhat, vizier of initiation"
Bone to Ash,Magic Origins,ORI,47,2,{2}{U}{U},['Blue'],['Instant'],,4,,Common,,,398539,Counter target creature spell.Draw a card.,"""I can think of worse ways to go. On second thought, maybe not.""—Ludevic, necro-alchemist"
Refocus,Fate Reforged,FRF,47,9,{1}{U},['Blue'],['Instant'],,2,,Common,,,391904,Untap target creature.Draw a card.,"""Before you can open your third eye, you must prove you can open the first two."""
Decision Paralysis,Amonkhet,AKH,50,1,{3}{U},['Blue'],['Instant'],,4,,Common,,,426752,Tap up to two target creatures. Those creatures don't untap during their controller's next untap step.,"""Eyes see only what is possible. A trained mind can explore the impossible."" —Kefnet, god of knowledge"
Dirgur Nemesis,Dragons of Tarkir,DTK,51,4,{5}{U},['Blue'],['Creature'],['Serpent'],6,,Common,5,6,394537,DefenderMegamorph {6}{U} (You may cast this card face down as a 2/2 creature for {3}. Turn it face up any time for its megamorph cost and put a +1/+1 counter on it.),
Essence Scatter,Amonkhet,AKH,52,1,{1}{U},['Blue'],['Instant'],,2,,Common,,,426754,Counter target creature spell.,Dependence on luck is anathema to Kefnet's rigorous studies. Those who hope to escape his maze by chance never succeed.
Floodwaters,Amonkhet,AKH,53,1,{4}{U}{U},['Blue'],['Sorcery'],,6,,Common,,,426755,"Return up to two target creatures to their owners' hands.Cycling {2} ({2}, Discard this card: Draw a card.)","""It usually appears placid, but don't be fooled. The Luxa River is a snake, and it can swallow you whole."" —Neponem, vizier of Kefnet"
Elusive Spellfist,Dragons of Tarkir,DTK,53,3,{1}{U},['Blue'],['Creature'],"['Human', 'Monk']",2,,Common,3,1,394563,"Whenever you cast a noncreature spell, Elusive Spellfist gets +1/+0 until end of turn and can't be blocked this turn.","""Learn to see an obstacle from a new perspective. Underneath, for example."" —Chanyi, Ojutai monk"
Sultai Skullkeeper,Fate Reforged,FRF,53,7,{1}{U},['Blue'],['Creature'],"['Naga', 'Shaman']",2,,Common,1,2,391932,"When Sultai Skullkeeper enters the battlefield, put the top two cards of your library into your graveyard.","A skullkeeper is the first to arrive after the palace archers strike down intruders, probing their brains for choice bits of knowledge."
Gurmag Drowner,Dragons of Tarkir,DTK,57,3,{3}{U},['Blue'],['Creature'],"['Naga', 'Wizard']",4,,Common,4,2,394589,"Exploit (When this creature enters the battlefield, you may sacrifice a creature.)When Gurmag Drowner exploits a creature, look at the top four cards of your library. Put one of them into your hand and the rest into your graveyard.",
Whisk Away,Fate Reforged,FRF,57,3,{2}{U},['Blue'],['Instant'],,3,,Common,,,391956,Put target attacking or blocking creature on top of its owner's library.,The maneuvers of the Abzan formation intrigued Ojutai in both their complexity and their futility.
Illusory Wrappings,Amonkhet,AKH,58,1,{2}{U},['Blue'],['Enchantment'],['Aura'],3,,Common,,,426760,Enchant creatureEnchanted creature has base power and toughness 0/2.,"""No amount of strength can help you overcome my trial. You must be ready to forgo your body and favor your mind."" —Kefnet, god of knowledge"
Will of the Naga,Fate Reforged,FRF,58,6,{4}{U}{U},['Blue'],['Instant'],,6,,Common,,,391961,Delve (Each card you exile from your graveyard while casting this spell pays for {1}.)Tap up to two target creatures. Those creatures don't untap during their controller's next untap step.,The charm of a naga is undeniable.
Write into Being,Fate Reforged,FRF,59,11,{2}{U},['Blue'],['Sorcery'],,3,,Common,,,391964,"Look at the top two cards of your library. Manifest one of those cards, then put the other on the top or bottom of your library. (To manifest a card, put it onto the battlefield face down as a 2/2 creature. Turn it face up any time for its mana cost if it's a creature card.)",
Alesha's Vanguard,Fate Reforged,FRF,60,11,{3}{B},['Black'],['Creature'],"['Orc', 'Warrior']",4,,Common,3,3,391788,"Dash {2}{B} (You may cast this spell for its dash cost. If you do, it gains haste, and it's returned from the battlefield to its owner's hand at the beginning of the next end step.)",Boundaries drawn on maps or marked with stone have no meaning for the Mardu.
Ancestral Vengeance,Fate Reforged,FRF,61,5,{B}{B},['Black'],['Enchantment'],['Aura'],2,,Common,,,391790,"Enchant creatureWhen Ancestral Vengeance enters the battlefield, put a +1/+1 counter on target creature you control.Enchanted creature gets -1/-1.",The defenses of the Abzan extend well beyond the walls of their fortresses.
New Perspectives,Amonkhet,AKH,63,1,{5}{U},['Blue'],['Enchantment'],,6,,Rare,,,426765,"When New Perspectives enters the battlefield, draw three cards.As long as you have seven or more cards in hand, you may pay {0} rather than pay cycling costs.",Understanding is a matter of perspective.
River Serpent,Amonkhet,AKH,66,1,{5}{U},['Blue'],['Creature'],['Serpent'],6,,Common,5,5,426768,"River Serpent can't attack unless there are five or more cards in your graveyard.Cycling {U} ({U}, Discard this card: Draw a card.)","Though the Luxa River brings life to Naktamun, it's not without dangers."
Ojutai Interceptor,Dragons of Tarkir,DTK,66,9,{3}{U},['Blue'],['Creature'],"['Bird', 'Soldier']",4,,Common,1,3,394639,FlyingMegamorph {3}{U} (You may cast this card face down as a 2/2 creature for {3}. Turn it face up any time for its megamorph cost and put a +1/+1 counter on it.),"""Though I may soar, I could never fly as high as the dragons."""
Scribe of the Mindful,Amonkhet,AKH,68,1,{2}{U},['Blue'],['Creature'],"['Human', 'Cleric']",3,,Common,2,2,426770,"{1}, {T}, Sacrifice Scribe of the Mindful: Return target instant or sorcery card from your graveyard to your hand.","""The best answers solve more than one riddle."" —Kefnet, god of knowledge"
Douse in Gloom,Fate Reforged,FRF,68,7,{2}{B},['Black'],['Instant'],,3,,Common,,,391821,Douse in Gloom deals 2 damage to target creature and you gain 2 life.,The Mardu warrior was overjoyed when Tasigur set him free and granted him passage through the jungle. He failed to notice the Sultai leader's cruel smile.
Seeker of Insight,Amonkhet,AKH,69,1,{1}{U},['Blue'],['Creature'],"['Human', 'Wizard']",2,,Common,3,1,426771,"{T}: Draw a card, then discard a card. Activate this ability only if you've cast a noncreature spell this turn.",The Trial of Knowledge challenges and broadens the minds of initiates.
Palace Familiar,Dragons of Tarkir,DTK,69,2,{1}{U},['Blue'],['Creature'],['Bird'],2,,Common,1,1,394646,"FlyingWhen Palace Familiar dies, draw a card.","""The most profound secrets lie in the darkest places of the world. It can be prudent to make use of another set of eyes."" —Sidisi, Silumgar vizier"
Slither Blade,Amonkhet,AKH,71,1,{U},['Blue'],['Creature'],"['Naga', 'Rogue']",1,,Common,2,1,426773,Slither Blade can't be blocked.,Some naga initiates move as silently as the suns' reflections on the water.
Hooded Assassin,Fate Reforged,FRF,73,7,{2}{B},['Black'],['Creature'],"['Human', 'Assassin']",3,,Common,2,1,391855,"When Hooded Assassin enters the battlefield, choose one —• Put a +1/+1 counter on Hooded Assassin.• Destroy target creature that was dealt damage this turn.",
Mountain,Duel Decks: Heroes vs. Monsters,DDL,74,1,,,['Land'],['Mountain'],,,Common,,,373392,({T}: Add {R}.),
Sidisi's Faithful,Dragons of Tarkir,DTK,74,6,{U},['Blue'],['Creature'],"['Naga', 'Wizard']",1,,Common,4,0,394696,"Exploit (When this creature enters the battlefield, you may sacrifice a creature.)When Sidisi's Faithful exploits a creature, return target creature to its owner's hand.","""I tire of your prattle, and your face."""
Vizier of Tumbling Sands,Amonkhet,AKH,75,1,{2}{U},['Blue'],['Creature'],"['Human', 'Cleric']",3,,Uncommon,3,1,426777,"{T}: Untap another target permanent.Cycling {1}{U} ({1}{U}, Discard this card: Draw a card.)When you cycle Vizier of Tumbling Sands, untap target permanent.","""Time is like the Luxa River—though it flows in one direction, it can be diverted."""
Winds of Rebuke,Amonkhet,AKH,76,1,{1}{U},['Blue'],['Instant'],,2,,Common,,,426778,Return target nonland permanent to its owner's hand. Each player puts the top two cards of their library into their graveyard.,"""I have foreseen that you will not pass my trial."""
Mountain,Duel Decks: Heroes vs. Monsters,DDL,76,1,,,['Land'],['Mountain'],,,Common,,,373403,({T}: Add {R}.),
Mountain,Duel Decks: Heroes vs. Monsters,DDL,77,1,,,['Land'],['Mountain'],,,Common,,,373378,({T}: Add {R}.),
Forest,Duel Decks: Heroes vs. Monsters,DDL,78,1,,,['Land'],['Forest'],,,Common,,,373349,({T}: Add {G}.),
Forest,Duel Decks: Heroes vs. Monsters,DDL,79,1,,,['Land'],['Forest'],,,Common,,,373375,({T}: Add {G}.),
Forest,Duel Decks: Heroes vs. Monsters,DDL,79,1,,,['Land'],['Forest'],,,Common,,,373375,({T}: Add {G}.),
Forest,Duel Decks: Heroes vs. Monsters,DDL,80,2,,,['Land'],['Forest'],,,Common,,,373404,({T}: Add {G}.),
Forest,Duel Decks: Heroes vs. Monsters,DDL,81,2,,,['Land'],['Forest'],,,Common,,,373374,({T}: Add {G}.),
Reach of Shadows,Fate Reforged,FRF,81,3,{4}{B},['Black'],['Instant'],,5,,Common,,,391902,Destroy target creature that's one or more colors.,"""Is it better to be a fool or a coward? Fools may get things done occasionally, but cowards live longer."" —Ghelesh Shadowmane, rakshasa mage"
Updraft Elemental,Dragons of Tarkir,DTK,82,3,{2}{U},['Blue'],['Creature'],['Elemental'],3,,Common,4,1,394736,Flying,"""It slips through the smallest cracks in the mountain, emerging whole and unfettered. There is nowhere it cannot go, for what can hold back the air itself?"" —Chanyi, Ojutai monk"
Sibsig Host,Fate Reforged,FRF,82,2,{4}{B},['Black'],['Creature'],['Zombie'],5,,Common,6,2,391922,"When Sibsig Host enters the battlefield, each player puts the top three cards of their library into their graveyard.","""They were your friends, your family, your clan. They want only to welcome you."" —Tasigur, the Golden Fang"
Cartouche of Ambition,Amonkhet,AKH,83,2,{2}{B},['Black'],['Enchantment'],"['Aura', 'Cartouche']",3,,Common,,,426785,"Enchant creature you controlWhen Cartouche of Ambition enters the battlefield, you may put a -1/-1 counter on target creature.Enchanted creature gets +1/+1 and has lifelink.",
Soulflayer,Fate Reforged,FRF,84,1,{4}{B}{B},['Black'],['Creature'],['Demon'],6,,Rare,4,4,391928,"Delve (Each card you exile from your graveyard while casting this spell pays for {1}.)If a creature card with flying was exiled with Soulflayer's delve ability, Soulflayer has flying. The same is true for first strike, double strike, deathtouch, haste, hexproof, indestructible, lifelink, reach, trample, and vigilance.",
Cursed Minotaur,Amonkhet,AKH,85,1,{2}{B},['Black'],['Creature'],"['Zombie', 'Minotaur']",3,,Common,2,3,426787,Menace (This creature can't be blocked except by two or more creatures.),"""Look! That is why we must never waver. That is what awaits us if we fail."" —Djeru, initiate of Tah crop"
Sultai Emissary,Fate Reforged,FRF,85,8,{1}{B},['Black'],['Creature'],"['Zombie', 'Warrior']",2,,Common,1,1,391930,"When Sultai Emissary dies, manifest the top card of your library. (Put that card onto the battlefield face down as a 2/2 creature. Turn it face up any time for its mana cost if it's a creature card.)","To the Sultai, Ugin's power was just one more resource to be exploited."
Zephyr Scribe,Dragons of Tarkir,DTK,85,5,{2}{U},['Blue'],['Creature'],"['Human', 'Monk']",3,,Common,1,2,394747,"{U}, {T}: Draw a card, then discard a card.Whenever you cast a noncreature spell, untap Zephyr Scribe.","""Ojutai's rule has allowed Tarkir's monks to learn from the truly enlightened."" —Sarkhan Vol"
Catacomb Slug,Magic Origins,ORI,86,1,{4}{B},['Black'],['Creature'],['Slug'],5,,Common,6,2,398473,,"""The entire murder scene was covered in dripping, oozing slime. No need for a soothsayer to solve that one.""—Pel Javya, Wojek investigator"
Sultai Runemark,Fate Reforged,FRF,86,8,{2}{B},['Black'],['Enchantment'],['Aura'],3,,Common,,,391931,Enchant creatureEnchanted creature gets +2/+2.Enchanted creature has deathtouch as long as you control a green or blue permanent. (Any amount of damage it deals to a creature is enough to destroy it.),
Doomed Dissenter,Amonkhet,AKH,87,1,{1}{B},['Black'],['Creature'],['Human'],2,,Common,1,1,426789,"When Doomed Dissenter dies, create a 2/2 black Zombie creature token.",There is only one fate left to those banished from the God-Pharaoh's city.
Consecrated by Blood,Magic Origins,ORI,87,1,{2}{B}{B},['Black'],['Enchantment'],['Aura'],4,,Uncommon,,,398512,"Enchant creatureEnchanted creature gets +2/+2 and has flying and ""Sacrifice two other creatures: Regenerate this creature."" (The next time the creature would be destroyed this turn, it isn't. Instead tap it, remove all damage from it, and remove it from combat.)",
Cruel Revival,Magic Origins,ORI,88,1,{4}{B},['Black'],['Instant'],,5,,Uncommon,,,398415,Destroy target non-Zombie creature. It can't be regenerated. Return up to one target Zombie card from your graveyard to your hand.,"On Innistrad, Liliana embraced necromancy, honing her powers by practicing on scores of undead—and sometimes the living."
Carrion Crow,Magic 2015,M15,88,1,{2}{B},['Black'],['Creature'],"['Zombie', 'Bird']",3,,Common,2,2,383201,Flying (This creature can't be blocked except by creatures with flying or reach.)Carrion Crow enters the battlefield tapped.,"When carrion feeds on carrion, dark days approach."
Tasigur's Cruelty,Fate Reforged,FRF,88,11,{5}{B},['Black'],['Sorcery'],,6,,Common,,,391938,Delve (Each card you exile from your graveyard while casting this spell pays for {1}.)Each opponent discards two cards.,The cruelest tortures leave no mark upon the flesh.
Dune Beetle,Amonkhet,AKH,89,1,{1}{B},['Black'],['Creature'],['Insect'],2,,Common,4,1,426791,,"The scouring sands of Shefet polish its carapace, and the ranks of the cursed fill its belly."
Typhoid Rats,Fate Reforged,FRF,89,5,{B},['Black'],['Creature'],['Rat'],1,,Common,1,1,391947,Deathtouch (Any amount of damage this deals to a creature is enough to destroy it.),"When Tasigur sent his ambassadors to the Abzan outpost, the true envoys were not the naga but the infectious rats they carried with them."
Dark Petition,Magic Origins,ORI,90,1,{3}{B}{B},['Black'],['Sorcery'],,5,,Rare,,,398525,"Search your library for a card and put that card into your hand. Then shuffle your library.Spell mastery — If there are two or more instant and/or sorcery cards in your graveyard, add {B}{B}{B}.",
Child of Night,Magic 2015,M15,90,15,{1}{B},['Black'],['Creature'],['Vampire'],2,,Common,1,2,383208,Lifelink,Sins that would be too gruesome in the light of day are made more pleasing in the dark of night.
Coat with Venom,Dragons of Tarkir,DTK,91,4,{B},['Black'],['Instant'],,1,,Common,,,394518,Target creature gets +1/+2 and gains deathtouch until end of turn. (Any amount of damage it deals to a creature is enough to destroy it.),"""Every Silumgar blade carries the blessing of our dragonlord."" —Xathi the Infallible"
Final Reward,Amonkhet,AKH,92,2,{4}{B},['Black'],['Instant'],,5,,Common,,,426794,Exile target creature.,Those who earn a glorious death are given the highest honor. They are carried on funeral barges through the gate to the afterlife.
Bathe in Dragonfire,Fate Reforged,FRF,92,11,{2}{R},['Red'],['Sorcery'],,3,,Common,,,391799,Bathe in Dragonfire deals 4 damage to target creature.,The scent of cooked flesh lingers in the charred landscape of Tarkir.
Break Through the Line,Fate Reforged,FRF,94,1,{1}{R},['Red'],['Enchantment'],,2,,Uncommon,,,391805,{R}: Target creature with power 2 or less gains haste until end of turn and can't be blocked this turn.,"""If the Mardu were more in tune with their beasts, they would not scare so easily."" —Jilaya, Temur whisperer"
Eternal Thirst,Magic 2015,M15,95,5,{1}{B},['Black'],['Enchantment'],['Aura'],2,,Common,,,383234,"Enchant creatureEnchanted creature has lifelink and ""Whenever a creature an opponent controls dies, put a +1/+1 counter on this creature."" (Damage dealt by a creature with lifelink also causes its controller to gain that much life.)",
Defiant Ogre,Fate Reforged,FRF,96,13,{5}{R},['Red'],['Creature'],"['Ogre', 'Warrior']",6,,Common,5,3,391817,"When Defiant Ogre enters the battlefield, choose one —• Put a +1/+1 counter on Defiant Ogre.• Destroy target artifact.","""I have no clan, but I still have purpose."""
Flesh to Dust,Magic 2015,M15,98,11,{3}{B}{B},['Black'],['Instant'],,5,,Common,,,383240,Destroy target creature. It can't be regenerated.,"""Pain is temporary. So is life."" —Liliana Vess"
Fierce Invocation,Fate Reforged,FRF,98,13,{4}{R},['Red'],['Sorcery'],,5,,Common,,,391832,"Manifest the top card of your library, then put two +1/+1 counters on it. (To manifest a card, put it onto the battlefield face down as a 2/2 creature. Turn it face up any time for its mana cost if it's a creature card.)",Anger can empower those who embrace it.
Dutiful Attendant,Dragons of Tarkir,DTK,99,3,{2}{B},['Black'],['Creature'],"['Human', 'Warrior']",3,,Common,2,1,394561,"When Dutiful Attendant dies, return another target creature card from your graveyard to your hand.",The dragon who eats the last head in the basket is entitled to the servant's.
Flamerush Rider,Fate Reforged,FRF,99,1,{4}{R},['Red'],['Creature'],"['Human', 'Warrior']",5,,Rare,3,3,391833,"Whenever Flamerush Rider attacks, create a token that's a copy of another target attacking creature and that's tapped and attacking. Exile the token at end of combat.Dash {2}{R}{R} (You may cast this spell for its dash cost. If you do, it gains haste, and it's returned from the battlefield to its owner's hand at the beginning of the next end step.)",
Gnarlroot Trapper,Magic Origins,ORI,100,1,{B},['Black'],['Creature'],"['Elf', 'Druid']",1,,Uncommon,1,1,398413,"{T}, Pay 1 life: Add {G}. Spend this mana only to cast an Elf creature spell.{T}: Target attacking Elf you control gains deathtouch until end of turn. (Any amount of damage it deals to a creature is enough to destroy it.)",
Infernal Scarring,Magic Origins,ORI,102,3,{1}{B},['Black'],['Enchantment'],['Aura'],2,,Common,,,398638,"Enchant creatureEnchanted creature gets +2/+0 and has ""When this creature dies, draw a card.""",One who is marked by a demon in life is sure to be remembered as one in death.
Gore Swine,Fate Reforged,FRF,103,5,{2}{R},['Red'],['Creature'],['Boar'],3,,Common,1,4,391846,,"""The Mardu are like the gore swine. We are wild, hunt in packs, and rarely clean the blood from our blades."" —Vallash, Mardu warrior"
"Kothophed, Soul Hoarder",Magic Origins,ORI,104,1,{4}{B}{B},['Black'],['Creature'],['Demon'],6,,Rare,6,6,398443,"FlyingWhenever a permanent owned by another player is put into a graveyard from the battlefield, you draw a card and you lose 1 life.","""I will be your most demanding master, Liliana. But I have great things in mind for you."""
Gravepurge,Dragons of Tarkir,DTK,104,5,{2}{B},['Black'],['Instant'],,3,,Common,,,394585,Put any number of target creature cards from your graveyard on top of your library.Draw a card.,"""Lord Silumgar has given you a second chance to please him."" —Siara, the Dragon's Mouth"
Humble Defector,Fate Reforged,FRF,104,1,{1}{R},['Red'],['Creature'],"['Human', 'Rogue']",2,,Uncommon,1,2,391856,{T}: Draw two cards. Target opponent gains control of Humble Defector. Activate this ability only during your turn.,"""You were once Mardu, so your body and will are strong. Now we must train your mind."" —Houn, Jeskai elder"
Ruthless Sniper,Amonkhet,AKH,105,2,{B},['Black'],['Creature'],"['Human', 'Archer']",1,,Uncommon,2,1,426807,"Whenever you cycle or discard a card, you may pay {1}. If you do, put a -1/-1 counter on target creature.","""You may feel a slight sting."""
Hand of Silumgar,Dragons of Tarkir,DTK,105,5,{1}{B},['Black'],['Creature'],"['Human', 'Warrior']",2,,Common,1,2,394590,Deathtouch (Any amount of damage this deals to a creature is enough to destroy it.),"Silumgar trains those whom he favors in his magic, granting them the ability to spread his disdain across the land."
Lightning Shrieker,Fate Reforged,FRF,106,8,{4}{R},['Red'],['Creature'],['Dragon'],5,,Common,5,5,391868,"Flying, trample, hasteAt the beginning of the end step, Lightning Shrieker's owner shuffles it into their library.",Dragonslayers learned to keep silent about their deeds after seeing the terrible vengeance wrought by Kolaghan and her brood.
Kolaghan Skirmisher,Dragons of Tarkir,DTK,107,4,{1}{B},['Black'],['Creature'],"['Human', 'Warrior']",2,,Common,2,2,394611,"Dash {2}{B} (You may cast this spell for its dash cost. If you do, it gains haste, and it's returned from the battlefield to its owner's hand at the beginning of the next end step.)","Kolaghan's army rushes from kill to kill, desperate to avoid the dragon's wrath."
Mardu Runemark,Fate Reforged,FRF,107,7,{2}{R},['Red'],['Enchantment'],['Aura'],3,,Common,,,391873,Enchant creatureEnchanted creature gets +2/+2.Enchanted creature has first strike as long as you control a white or black permanent.,
Mardu Scout,Fate Reforged,FRF,108,2,{R}{R},['Red'],['Creature'],"['Goblin', 'Scout']",2,,Common,1,3,391874,"Dash {1}{R} (You may cast this spell for its dash cost. If you do, it gains haste, and it's returned from the battlefield to its owner's hand at the beginning of the next end step.)","The Mardu all enjoy war, but only the goblins make a game of it."
Splendid Agony,Amonkhet,AKH,109,1,{2}{B},['Black'],['Instant'],,3,,Common,,,426811,Distribute two -1/-1 counters among one or two target creatures.,"""Wherever you are in the city, you can feel the presence of the God-Pharaoh. Take comfort in that."" —Ukhat, vizier of initiation"
Marsh Hulk,Dragons of Tarkir,DTK,109,6,{4}{B}{B},['Black'],['Creature'],"['Zombie', 'Ogre']",6,,Common,6,4,394622,Megamorph {6}{B} (You may cast this card face down as a 2/2 creature for {3}. Turn it face up any time for its megamorph cost and put a +1/+1 counter on it.),Now vengeance is his sole purpose.
Mind Rot,Dragons of Tarkir,DTK,110,7,{2}{B},['Black'],['Sorcery'],,3,,Common,,,394623,Target player discards two cards.,"""The Ojutai are my favorite victims. They have so much knowledge to lose."" —Asmala, Silumgar sorcerer"
Supernatural Stamina,Amonkhet,AKH,111,1,{B},['Black'],['Instant'],,1,,Common,,,426813,"Until end of turn, target creature gets +2/+0 and gains ""When this creature dies, return it to the battlefield tapped under its owner's control.""","""All are not equal—neither in life nor after death. Bontu's favorites will stand highest in eternity."" —Senifet, vizier of Bontu"
Rotfeaster Maggot,Magic 2015,M15,112,3,{4}{B},['Black'],['Creature'],['Insect'],5,,Common,5,3,383366,"When Rotfeaster Maggot enters the battlefield, exile target creature card from a graveyard. You gain life equal to that card's toughness.",Is it at the top of the food chain or the bottom?
Rabid Bloodsucker,Magic Origins,ORI,113,1,{4}{B},['Black'],['Creature'],['Vampire'],5,,Common,2,3,398557,"Flying (This creature can't be blocked except by creatures with flying or reach.)When Rabid Bloodsucker enters the battlefield, each player loses 2 life.","She haunts the streets, wings spread wide, with carrion on her breath and blood in her eyes."
Wander in Death,Amonkhet,AKH,115,1,{2}{B},['Black'],['Sorcery'],,3,,Common,,,426817,"Return up to two target creature cards from your graveyard to your hand.Cycling {2} ({2}, Discard this card: Draw a card.)",Forever restless. Forever growing in number.
Reave Soul,Magic Origins,ORI,115,1,{1}{B},['Black'],['Sorcery'],,2,,Common,,,398591,Destroy target creature with power 3 or less.,"""I was not convinced you had a soul until I saw it for myself.""—Liliana Vess"
Reckless Imp,Dragons of Tarkir,DTK,115,6,{2}{B},['Black'],['Creature'],['Imp'],3,,Common,2,2,394661,"FlyingReckless Imp can't block.Dash {1}{B} (You may cast this spell for its dash cost. If you do, it gains haste, and it's returned from the battlefield to its owner's hand at the beginning of the next end step.)",
Smoldering Efreet,Fate Reforged,FRF,115,9,{1}{R},['Red'],['Creature'],"['Efreet', 'Monk']",2,,Common,2,2,391925,"When Smoldering Efreet dies, it deals 2 damage to you.","The efreet are drawn to the Kaisham Wanderers, a loosely organized Jeskai school where trickery is employed to challenge the status quo and upend the belief systems of others."
Wasteland Scorpion,Amonkhet,AKH,116,1,{2}{B},['Black'],['Creature'],['Scorpion'],3,,Common,2,2,426818,"DeathtouchCycling {2} ({2}, Discard this card: Draw a card.)",All but the gods fear the scorpion's sting.
Returned Centaur,Magic Origins,ORI,116,1,{3}{B},['Black'],['Creature'],"['Zombie', 'Centaur']",4,,Common,4,2,398468,"When Returned Centaur enters the battlefield, target player puts the top four cards of their library into their graveyard.","Driven away by his living kin, he wanders mourning through the wilderness, seeking the dead city of Asphodel."
Revenant,Magic Origins,ORI,117,6,{4}{B},['Black'],['Creature'],['Spirit'],5,,Uncommon,*,*,398575,FlyingRevenant's power and toughness are each equal to the number of creature cards in your graveyard.,"Born from the slaughter of an entire army, it bears the wrath of a hundred souls."
Typhoid Rats,Magic 2015,M15,118,7,{B},['Black'],['Creature'],['Rat'],1,,Common,1,1,383420,Deathtouch (Any amount of damage this deals to a creature is enough to destroy it.),Kidnappers caught in Havengul are given two choices: languish in prison or become rat catchers. The smart ones go to prison.
Shambling Goblin,Dragons of Tarkir,DTK,118,1,{B},['Black'],['Creature'],"['Zombie', 'Goblin']",1,,Common,1,1,394689,"When Shambling Goblin dies, target creature an opponent controls gets -1/-1 until end of turn.","""The Kolaghan send them at us. We kill and raise them. They fight the next wave the Kolaghan send. It's a neat little cycle."" —Asmala, Silumgar sorcerer"
Blazing Volley,Amonkhet,AKH,119,1,{R},['Red'],['Sorcery'],,1,,Common,,,426821,Blazing Volley deals 1 damage to each creature your opponents control.,"The arrows fell like fiery rain, and for a moment, the sky itself seemed to burn."
Sibsig Icebreakers,Dragons of Tarkir,DTK,119,6,{2}{B},['Black'],['Creature'],['Zombie'],3,,Common,3,2,394694,"When Sibsig Icebreakers enters the battlefield, each player discards a card.","""I almost envy them. They can't get frostbite."" —Kirada, Silumgar enforcer"
Abzan Kin-Guard,Fate Reforged,FRF,120,1,{3}{G},['Green'],['Creature'],"['Human', 'Warrior']",4,,Uncommon,3,3,391783,Abzan Kin-Guard has lifelink as long as you control a white or black permanent.,"""The Mardu rush headlong toward extinction. We ensure the longevity of our clan by protecting our territory, not rampaging through it."""
Ainok Guide,Fate Reforged,FRF,121,7,{1}{G},['Green'],['Creature'],"['Hound', 'Scout']",2,,Common,1,1,391786,"When Ainok Guide enters the battlefield, choose one —• Put a +1/+1 counter on Ainok Guide.• Search your library for a basic land card, reveal it, then shuffle your library and put that card on top of it.",
Brute Strength,Amonkhet,AKH,122,1,{1}{R},['Red'],['Instant'],,2,,Common,,,426824,Target creature gets +3/+1 and gains trample until end of turn.,"""Oketra had our crop build an obelisk to prove the power of working together. But I am stronger without the weak."""
Tormented Thoughts,Magic Origins,ORI,122,1,{2}{B},['Black'],['Sorcery'],,3,,Uncommon,,,398623,"As an additional cost to cast this spell, sacrifice a creature.Target player discards a number of cards equal to the sacrificed creature's power.","""Not all nightmares can be escaped by waking.""—Ashiok"
Silumgar Butcher,Dragons of Tarkir,DTK,122,7,{4}{B},['Black'],['Creature'],"['Zombie', 'Djinn']",5,,Common,3,3,394701,"Exploit (When this creature enters the battlefield, you may sacrifice a creature.)When Silumgar Butcher exploits a creature, target creature gets -3/-3 until end of turn.",Silumgar takes pride in the diversity of his sibsig.
Ambush Krotiq,Fate Reforged,FRF,122,6,{5}{G},['Green'],['Creature'],['Insect'],6,,Common,5,5,391789,"TrampleWhen Ambush Krotiq enters the battlefield, return another creature you control to its owner's hand.",The Abzan merchants soon discovered why this route was clear of dragons.
Touch of Moonglove,Magic Origins,ORI,123,1,{B},['Black'],['Instant'],,1,,Common,,,398600,"Target creature you control gets +1/+0 and gains deathtouch until end of turn. Whenever a creature dealt damage by that creature dies this turn, its controller loses 2 life. (Any amount of damage a creature with deathtouch deals to a creature is enough to destroy it.)",
Ukud Cobra,Dragons of Tarkir,DTK,123,1,{3}{B},['Black'],['Creature'],['Snake'],4,,Uncommon,5,2,394734,Deathtouch,"""The Silumgar hide behind the deadly wildlife of their swamps. They'd rather scheme in their jungle palaces than face us."" —Khibat, Kolaghan warrior"
Cartouche of Zeal,Amonkhet,AKH,124,1,{R},['Red'],['Enchantment'],"['Aura', 'Cartouche']",1,,Common,,,426826,"Enchant creature you controlWhen Cartouche of Zeal enters the battlefield, target creature can't block this turn.Enchanted creature gets +1/+1 and has haste.","The fifth cartouche is the final affirmation of glory, granted only to the worthy dead."
Archers of Qarsi,Fate Reforged,FRF,124,6,{3}{G},['Green'],['Creature'],"['Naga', 'Archer']",4,,Common,2,5,391794,DefenderReach (This creature can block creatures with flying.),"""We think of the naga as creeping cutthroats, slitherers in the swamps. But they are equally at home in the trees."" —Goton, Qal Sisma shaman"
Act of Treason,Magic 2014,M14,125,1,{2}{R},['Red'],['Sorcery'],,3,,Common,,,370618,Gain control of target creature until end of turn. Untap that creature. It gains haste until end of turn. (It can attack and {T} this turn.),"""Rage courses in every heart, yearning to betray its rational prison."" —Sarkhan Vol"
Vulturous Aven,Dragons of Tarkir,DTK,126,4,{3}{B},['Black'],['Creature'],"['Bird', 'Shaman']",4,,Common,3,2,394743,"FlyingExploit (When this creature enters the battlefield, you may sacrifice a creature.)When Vulturous Aven exploits a creature, you draw two cards and you lose 2 life.",
Wandering Tombshell,Dragons of Tarkir,DTK,127,4,{3}{B},['Black'],['Creature'],"['Zombie', 'Turtle']",4,,Common,6,1,394744,,"The crumbling temples on the tortoise's back are monuments to the decadence of the ancient Sultai. Though it harkens back to the era of the khans, Silumgar allows it to walk his territory as a warning to those who would oppose him."
Atarka Efreet,Dragons of Tarkir,DTK,128,4,{3}{R},['Red'],['Creature'],"['Efreet', 'Shaman']",4,,Common,1,5,394499,"Megamorph {2}{R} (You may cast this card face down as a 2/2 creature for {3}. Turn it face up any time for its megamorph cost and put a +1/+1 counter on it.)When Atarka Efreet is turned face up, it deals 1 damage to any target.",
Feral Krushok,Fate Reforged,FRF,128,10,{4}{G},['Green'],['Creature'],['Beast'],5,,Common,4,5,391831,,"In a stunning act of diplomacy, Yasova Dragonclaw ceded a portion of Temur lands to the Sultai. Her clan protested until they saw she had given the Sultai the breeding grounds of the krushoks. They hadn't realized she had a sense of humor."
Act of Treason,Magic Origins,ORI,129,3,{2}{R},['Red'],['Sorcery'],,3,,Common,,,398578,Gain control of target creature until end of turn. Untap that creature. It gains haste until end of turn. (It can attack and {T} this turn.),She learned a tragic lesson that day: even the purest can be corrupted when the heart's emotions are twisted.
Formless Nurturing,Fate Reforged,FRF,129,10,{3}{G},['Green'],['Sorcery'],,4,,Common,,,391837,"Manifest the top card of your library, then put a +1/+1 counter on it. (To manifest a card, put it onto the battlefield face down as a 2/2 creature. Turn it face up any time for its mana cost if it's a creature card.)",
Emberhorn Minotaur,Amonkhet,AKH,130,1,{3}{R},['Red'],['Creature'],"['Minotaur', 'Warrior']",4,,Common,3,4,426832,"You may exert Emberhorn Minotaur as it attacks. When you do, it gets +1/+1 and gains menace until end of turn. (An exerted creature won't untap during your next untap step.)","""My stride will break only against the twin points of Hazoret's spear."""
Akroan Sergeant,Magic Origins,ORI,130,1,{2}{R},['Red'],['Creature'],"['Human', 'Soldier']",3,,Common,2,2,398604,"First strike (This creature deals combat damage before creatures without first strike.)Renown 1 (When this creature deals combat damage to a player, if it isn't renowned, put a +1/+1 counter on it and it becomes renowned.)",
Frontier Mastodon,Fate Reforged,FRF,130,5,{2}{G},['Green'],['Creature'],['Elephant'],3,,Common,2,3,391839,Ferocious — Frontier Mastodon enters the battlefield with a +1/+1 counter on it if you control a creature with power 4 or greater.,"Each bronze disk on its harness is an offering from a young Temur hunter, a sign of respect to the spirits of the wild."
Flameblade Adept,Amonkhet,AKH,131,1,{R},['Red'],['Creature'],"['Jackal', 'Warrior']",1,,Uncommon,2,1,426833,"MenaceWhenever you cycle or discard a card, Flameblade Adept gets +1/+0 until end of turn.","""Allow zealous flames to light your path and the glory you seek will be revealed."" —Hazoret, god of zeal"
Frontier Siege,Fate Reforged,FRF,131,1,{3}{G},['Green'],['Enchantment'],,4,,Rare,,,391840,"As Frontier Siege enters the battlefield, choose Khans or Dragons.• Khans — At the beginning of each of your main phases, add {G}{G}.• Dragons — Whenever a creature with flying enters the battlefield under your control, you may have it fight target creature you don't control.",
Fruit of the First Tree,Fate Reforged,FRF,132,1,{3}{G},['Green'],['Enchantment'],['Aura'],4,,Uncommon,,,391842,"Enchant creatureWhen enchanted creature dies, you gain X life and draw X cards, where X is its toughness.","""I will be the ancestor my descendants call upon for aid. On that day I will take up my sword for my family once more."""
Hunt the Weak,Fate Reforged,FRF,133,13,{3}{G},['Green'],['Sorcery'],,4,,Common,,,391858,Put a +1/+1 counter on target creature you control. Then that creature fights target creature you don't control. (Each deals damage equal to its power to the other.),"Dragons scorn the weak, even among their own kind."
Map the Wastes,Fate Reforged,FRF,134,7,{2}{G},['Green'],['Sorcery'],,3,,Common,,,391871,"Search your library for a basic land card, put it onto the battlefield tapped, then shuffle your library. Bolster 1. (Choose a creature with the least toughness among creatures you control and put a +1/+1 counter on it.)",
Return to the Earth,Fate Reforged,FRF,135,13,{3}{G},['Green'],['Instant'],,4,,Common,,,391906,"Destroy target artifact, enchantment, or creature with flying.","""Dragons are feared for their breath and their bite, but it is their wings that make them unconquerable. Bring them to earth, and they die like any other beast."" —Kassur, Sultai hunter"
Chandra's Fury,Magic Origins,ORI,136,2,{4}{R},['Red'],['Instant'],,5,,Common,,,398632,Chandra's Fury deals 4 damage to target player or planeswalker and 1 damage to each creature that player or that planeswalker's controller controls.,"""They started it."""
Hyena Pack,Amonkhet,AKH,139,1,{2}{R}{R},['Red'],['Creature'],['Hyena'],4,,Common,4,3,426841,,"With carrion a rarity in the Broken Lands, the hyenas that stalk the deserts hunt in packs."
Hardened Berserker,Dragons of Tarkir,DTK,139,7,{2}{R},['Red'],['Creature'],"['Human', 'Berserker']",3,,Common,2,3,394592,"Whenever Hardened Berserker attacks, the next spell you cast this turn costs {1} less to cast.","""Just let him loose and follow the charge."" —Yikaro, Atarka warrior"
Limits of Solidarity,Amonkhet,AKH,140,1,{3}{R},['Red'],['Sorcery'],,4,,Uncommon,,,426842,"Gain control of target creature until end of turn. Untap that creature. It gains haste until end of turn.Cycling {2} ({2}, Discard this card: Draw a card.)","""When the time comes, only one of you will be honored by my spear."" —Hazoret, god of zeal"
Temur Runemark,Fate Reforged,FRF,140,11,{2}{G},['Green'],['Enchantment'],['Aura'],3,,Common,,,391941,Enchant creatureEnchanted creature gets +2/+2.Enchanted creature has trample as long as you control a blue or red permanent.,
Kindled Fury,Dragons of Tarkir,DTK,142,6,{R},['Red'],['Instant'],,1,,Common,,,394607,Target creature gets +1/+0 and gains first strike until end of turn.,"""It is most honorable to use every part of the animals we kill . . . especially if we use them to annihilate our enemies."" —Surrak, the Hunt Caller"
Kolaghan Aspirant,Dragons of Tarkir,DTK,143,4,{1}{R},['Red'],['Creature'],"['Human', 'Warrior']",2,,Common,1,2,394608,"Whenever Kolaghan Aspirant becomes blocked by a creature, Kolaghan Aspirant deals 1 damage to that creature.","She answers the call of the Crave, the desire for battle sated only by bloodshed."
Nef-Crop Entangler,Amonkhet,AKH,144,2,{1}{R},['Red'],['Creature'],"['Human', 'Warrior']",2,,Common,1,2,426846,"TrampleYou may exert Nef-Crop Entangler as it attacks. When you do, it gets +1/+2 until end of turn. (An exerted creature won't untap during your next untap step.)","""If you do not feel the thrill of battle, alive like a flame, you will never triumph."""
Fiery Conclusion,Magic Origins,ORI,144,1,{1}{R},['Red'],['Instant'],,2,,Uncommon,,,398497,"As an additional cost to cast this spell, sacrifice a creature.Fiery Conclusion deals 5 damage to target creature.","The Boros legionnaire saw a noble sacrifice, the Rakdos thug a blazing suicide, and the Izzet alchemist an experiment gone awry."
Nimble-Blade Khenra,Amonkhet,AKH,145,1,{1}{R},['Red'],['Creature'],"['Jackal', 'Warrior']",2,,Common,3,1,426847,"Prowess (Whenever you cast a noncreature spell, this creature gets +1/+1 until end of turn.)","""In the Hour of Glory, the gods and the untested will prove their worth before the God-Pharaoh."" —The Accounting of Hours"
Pathmaker Initiate,Amonkhet,AKH,146,2,{1}{R},['Red'],['Creature'],"['Human', 'Wizard']",2,,Common,1,2,426848,{T}: Target creature with power 2 or less can't be blocked this turn.,"""The expected way through the trial is far too tedious."""
Firefiend Elemental,Magic Origins,ORI,146,1,{3}{R},['Red'],['Creature'],['Elemental'],4,,Common,2,3,398590,"Haste (This creature can attack and {T} as soon as it comes under your control.)Renown 1 (When this creature deals combat damage to a player, if it isn't renowned, put a +1/+1 counter on it and it becomes renowned.)",
Pursue Glory,Amonkhet,AKH,147,1,{3}{R},['Red'],['Instant'],,4,,Common,,,426849,"Attacking creatures get +2/+0 until end of turn.Cycling {2} ({2}, Discard this card: Draw a card.)","""Combat is a form of worship, the clash of steel a solemn prayer."" —Pytamun, initiate of Nef crop"
Lose Calm,Dragons of Tarkir,DTK,147,2,{3}{R},['Red'],['Sorcery'],,4,,Common,,,394618,Gain control of target creature until end of turn. Untap that creature. It gains haste and menace until end of turn. (A creature with menace can't be blocked except by two or more creatures.),A lifetime of discipline forsaken in a moment of rage.
Ghirapur Aether Grid,Magic Origins,ORI,148,1,{2}{R},['Red'],['Enchantment'],,3,,Uncommon,,,398517,Tap two untapped artifacts you control: Ghirapur Aether Grid deals 1 damage to any target.,"The city of Ghirapur is a living thing, and living things defend themselves."
Magmatic Chasm,Dragons of Tarkir,DTK,148,4,{1}{R},['Red'],['Sorcery'],,2,,Common,,,394620,Creatures without flying can't block this turn.,"""Our shamans assert their mastery over the land, thwarting the lesser clans' attempts to stand in the way of our dragonlord."" —Allek, Atarka hunter"
Sweltering Suns,Amonkhet,AKH,149,1,{1}{R}{R},['Red'],['Sorcery'],,3,,Rare,,,426851,"Sweltering Suns deals 3 damage to each creature.Cycling {3} ({3}, Discard this card: Draw a card.)","The Hekma may repel storms and monsters, but nothing holds back the heat of the suns."
Cunning Strike,Fate Reforged,FRF,150,9,{3}{U}{R},"['Red', 'Blue']",['Instant'],,5,,Common,,,391814,Cunning Strike deals 2 damage to target creature and 2 damage to target player or planeswalker.Draw a card.,"""The opponent who blocks the path, becomes the path."" —Shu Yun, the Silent Tempest"
Tormenting Voice,Amonkhet,AKH,151,1,{1}{R},['Red'],['Sorcery'],,2,,Common,,,426853,"As an additional cost to cast this spell, discard a card.Draw two cards.","""You are undeserving of the afterlife. You will never feel the God-Pharaoh's embrace."""
Trial of Zeal,Amonkhet,AKH,152,1,{2}{R},['Red'],['Enchantment'],,3,,Uncommon,,,426854,"When Trial of Zeal enters the battlefield, it deals 3 damage to any target.When a Cartouche enters the battlefield under your control, return Trial of Zeal to its owner's hand.","""Eternal glory awaits you, my child."""
Sabertooth Outrider,Dragons of Tarkir,DTK,152,11,{3}{R},['Red'],['Creature'],"['Human', 'Warrior']",4,,Common,2,4,394669,"TrampleFormidable — Whenever Sabertooth Outrider attacks, if creatures you control have total power 8 or greater, Sabertooth Outrider gains first strike until end of turn.",
Ethereal Ambush,Fate Reforged,FRF,152,10,{3}{G}{U},"['Green', 'Blue']",['Instant'],,5,,Common,,,391828,"Manifest the top two cards of your library. (To manifest a card, put it onto the battlefield face down as a 2/2 creature. Turn it face up any time for its mana cost if it's a creature card.)",The energies of the Temur lands are readily unleashed upon intruders.
Sarkhan's Rage,Dragons of Tarkir,DTK,153,6,{4}{R},['Red'],['Instant'],,5,,Common,,,394676,"Sarkhan's Rage deals 5 damage to any target. If you control no Dragons, Sarkhan's Rage deals 2 damage to you.","The people of Tarkir speak of an ancient legend, of the dragon-man called Sarkhan who was greatest of all khans."
Grim Contest,Fate Reforged,FRF,153,4,{1}{B}{G},"['Black', 'Green']",['Instant'],,3,,Common,,,391849,Choose target creature you control and target creature an opponent controls. Each of those creatures deals damage equal to its toughness to the other.,The invader hoped he could survive the beast's jaws and emerge through its rotting skin.
Harsh Sustenance,Fate Reforged,FRF,154,6,{1}{W}{B},"['Black', 'White']",['Instant'],,3,,Common,,,391851,"Harsh Sustenance deals X damage to any target and you gain X life, where X is the number of creatures you control.",The Shifting Wastes provide refuge to those who know where to look for it.
Lightning Strike,Magic 2015,M15,155,1,{1}{R},['Red'],['Instant'],,2,,Common,,,383299,Lightning Strike deals 3 damage to any target.,To wield lightning is to tame chaos.
Screamreach Brawler,Dragons of Tarkir,DTK,155,8,{2}{R},['Red'],['Creature'],"['Orc', 'Berserker']",3,,Common,3,2,394682,"Dash {1}{R} (You may cast this spell for its dash cost. If you do, it gains haste, and it's returned from the battlefield to its owner's hand at the beginning of the next end step.)","""My dragonlord's lightning will dance upon your bones!"""
Benefaction of Rhonas,Amonkhet,AKH,156,1,{2}{G},['Green'],['Sorcery'],,3,,Common,,,426858,Reveal the top five cards of your library. You may put a creature card and/or an enchantment card from among them into your hand. Put the rest into your graveyard.,It falls to the gods to help all become worthy of the afterlife.
Bitterblade Warrior,Amonkhet,AKH,157,1,{1}{G},['Green'],['Creature'],"['Jackal', 'Warrior']",2,,Common,2,2,426859,"You may exert Bitterblade Warrior as it attacks. When you do, it gets +1/+0 and gains deathtouch until end of turn. (An exerted creature won't untap during your next untap step.)","""The vizier of poisons teaches an unconventional kind of strength."""
Sprinting Warbrute,Dragons of Tarkir,DTK,157,4,{4}{R},['Red'],['Creature'],"['Ogre', 'Berserker']",5,,Common,4,5,394709,"Sprinting Warbrute attacks each combat if able.Dash {3}{R} (You may cast this spell for its dash cost. If you do, it gains haste, and it's returned from the battlefield to its owner's hand at the beginning of the next end step.)",
Cartouche of Strength,Amonkhet,AKH,158,1,{2}{G},['Green'],['Enchantment'],"['Aura', 'Cartouche']",3,,Common,,,426860,"Enchant creature you controlWhen Cartouche of Strength enters the battlefield, you may have enchanted creature fight target creature an opponent controls. (Each deals damage equal to its power to the other.)Enchanted creature gets +1/+1 and has trample.",
War Flare,Fate Reforged,FRF,158,8,{2}{R}{W},"['Red', 'White']",['Instant'],,4,,Common,,,391953,Creatures you control get +2/+1 until end of turn. Untap those creatures.,"""No sun or fire can warm my blood quite like a war flare."" —Urut Barzeel, Mardu hordechief"
Summit Prowler,Dragons of Tarkir,DTK,160,6,{2}{R}{R},['Red'],['Creature'],['Yeti'],4,,Common,3,4,394717,,"""Do you not hunt the yetis of the high peaks, stripling? Their meat is as tender as a bear's and their blood as warming as fire. They are prey that will please Atarka."" —Surrak, the Hunt Caller"
Colossapede,Amonkhet,AKH,161,1,{4}{G},['Green'],['Creature'],['Insect'],5,,Common,5,5,426863,,"""If it is bigger, you must be faster. If it is stronger, you must be sharper. Anything less, and you will never seize a place in our God-Pharaoh's perfect afterlife."" —Rhonas, god of strength"
Tail Slash,Dragons of Tarkir,DTK,161,7,{2}{R},['Red'],['Instant'],,3,,Common,,,394727,Target creature you control deals damage equal to its power to target creature you don't control.,"""Kneel before a dragon and you will be spared when it turns to leave."" —Yikaro, Atarka warrior"
Smash to Smithereens,Magic Origins,ORI,163,1,{1}{R},['Red'],['Instant'],,2,,Common,,,398669,Destroy target artifact. Smash to Smithereens deals 3 damage to that artifact's controller.,"The giant Tarvik dreamed that trinkets and machines caused all the world's woe. When he awoke from his troubled sleep, he took the name Tarvik Relicsmasher."
Dissenter's Deliverance,Amonkhet,AKH,164,2,{1}{G},['Green'],['Instant'],,2,,Common,,,426866,"Destroy target artifact.Cycling {G} ({G}, Discard this card: Draw a card.)","""When all doubts have melted away, the worthy will meet the Hour of Eternity and earn a place at the God-Pharaoh's side."" —The Accounting of Hours"
Subterranean Scout,Magic Origins,ORI,164,1,{1}{R},['Red'],['Creature'],"['Goblin', 'Scout']",2,,Common,1,2,398458,"When Subterranean Scout enters the battlefield, target creature with power 2 or less can't be blocked this turn.","When things get ugly above ground, goblins resort to alternate routes of passage."
Centaur Courser,Magic 2013,M13,164,6,{2}{G},['Green'],['Creature'],"['Centaur', 'Warrior']",3,,Common,3,3,279993,,"""The centaurs are truly free. Never will they be tamed by temptation or controlled by fear. They live in total harmony, a feat not yet achieved by our kind."" —Ramal, sage of Westgate"
Twin Bolt,Dragons of Tarkir,DTK,164,4,{1}{R},['Red'],['Instant'],,2,,Common,,,394733,Twin Bolt deals 2 damage divided as you choose among one or two targets.,"Kolaghan archers are trained in Dakla, the way of the bow. They utilize their dragonlord's lightning to strike their target, no matter how small, how fast, or how far away."
Vandalize,Dragons of Tarkir,DTK,165,5,{4}{R},['Red'],['Sorcery'],,5,,Common,,,394737,Choose one or both —• Destroy target artifact.• Destroy target land.,"""As we have learned from Kolaghan, to ruin is to rule."" —Shensu, Kolaghan rider"
Titan's Strength,Magic Origins,ORI,166,1,{R},['Red'],['Instant'],,1,,Common,,,398680,Target creature gets +3/+1 until end of turn. Scry 1. (Look at the top card of your library. You may put that card on the bottom of your library.),
Volcanic Rush,Dragons of Tarkir,DTK,166,5,{4}{R},['Red'],['Instant'],,5,,Common,,,394741,Attacking creatures get +2/+0 and gain trample until end of turn.,"""The bravest warriors take the shortest path to victory, whatever that path may be."" —Sakta, Atarka hunter"
Brindle Boar,Magic 2014,M14,167,1,{2}{G},['Green'],['Creature'],['Boar'],3,,Common,2,2,370778,Sacrifice Brindle Boar: You gain 4 life.,"""Tell the cooks to prepare the fires. Tonight we feast!"" —Tolar Wolfbrother, Krosan tracker"
Borderland Ranger,Magic 2010,M10,169,2,{2}{G},['Green'],['Creature'],"['Human', 'Scout']",3,,Common,2,2,189905,"When Borderland Ranger enters the battlefield, you may search your library for a basic land card, reveal it, and put it into your hand. If you do, shuffle your library.","""Only fools and bandits use roads."""
Jungle Hollow,Fate Reforged,FRF,169,1,,,['Land'],,,,Common,,,391865,"Jungle Hollow enters the battlefield tapped.When Jungle Hollow enters the battlefield, you gain 1 life.{T}: Add {B} or {G}.",
Carnivorous Moss-Beast,Magic 2015,M15,170,5,{4}{G}{G},['Green'],['Creature'],"['Plant', 'Elemental', 'Beast']",6,,Common,5,4,383200,{5}{G}{G}: Put a +1/+1 counter on Carnivorous Moss-Beast.,"Ranger wisdom dictates that when fleeing from a moss-beast, you must stay calm, find your bearings, and run south."
Aerie Bowmasters,Dragons of Tarkir,DTK,170,7,{2}{G}{G},['Green'],['Creature'],"['Hound', 'Archer']",4,,Common,4,3,394486,Reach (This creature can block creatures with flying.)Megamorph {5}{G} (You may cast this card face down as a 2/2 creature for {3}. Turn it face up any time for its megamorph cost and put a +1/+1 counter on it.),
Conclave Naturalists,Magic Origins,ORI,171,1,{4}{G},['Green'],['Creature'],['Dryad'],5,,Uncommon,4,4,398419,"When Conclave Naturalists enters the battlefield, you may destroy target artifact or enchantment.","""Your swords and wards have no power here."""
Ainok Artillerist,Dragons of Tarkir,DTK,171,9,{2}{G},['Green'],['Creature'],"['Hound', 'Archer']",3,,Common,1,4,394487,Ainok Artillerist has reach as long as it has a +1/+1 counter on it. (It can block creatures with flying.),"""In the Tarkir I once knew, the Abzan revered their ancestor trees. Now, as Dromoka, they cut their finest groves to make weapons."" —Sarkhan Vol"
Fog,Magic 2011,M11,173,10,{G},['Green'],['Instant'],,1,,Common,,,205064,Prevent all combat damage that would be dealt this turn.,"""I fear no army or beast, but only the morning fog. Our assault can survive everything else."" —Lord Hilneth"
Fog,Magic 2012,M12,173,2,{G},['Green'],['Instant'],,1,,Common,,,226900,Prevent all combat damage that would be dealt this turn.,It's hard enough to find your way through uncharted wilderness when you can see the tip of your nose.
Giant Growth,Magic 2014,M14,174,2,{G},['Green'],['Instant'],,1,,Common,,,370788,Target creature gets +3/+3 until end of turn.,
Atarka Beastbreaker,Dragons of Tarkir,DTK,174,5,{1}{G},['Green'],['Creature'],"['Human', 'Warrior']",2,,Common,2,2,394498,Formidable — {4}{G}: Atarka Beastbreaker gets +4/+4 until end of turn. Activate this ability only if creatures you control have total power 8 or greater.,"He scorns the heavy winter garb of lesser warriors, trusting his anger to keep him warm."
Elvish Visionary,Magic Origins,ORI,175,1,{1}{G},['Green'],['Creature'],"['Elf', 'Shaman']",2,,Common,1,1,398554,"When Elvish Visionary enters the battlefield, draw a card.","""From a tiny sprout, the greatest trees grow and flourish. May the seeds of your mind be equally fruitful."""
Garruk's Companion,Magic 2012,M12,175,1,{G}{G},['Green'],['Creature'],['Beast'],2,,Common,2,3,226896,Trample (This creature can deal excess combat damage to the player or planeswalker it's attacking.),
Giant Spider,Magic 2014,M14,175,1,{3}{G},['Green'],['Creature'],['Spider'],4,,Common,4,2,370781,Reach (This creature can block creatures with flying.),"""It has a quickness about it that seems unnatural for its large size, yet its hunger is about right."" —Endril, Kalonian naturalist"
Plains,Fate Reforged,FRF,176,3,,,['Land'],['Plains'],,,Common,,,391895,({T}: Add {W}.),
Naga Vitalist,Amonkhet,AKH,176,1,{1}{G},['Green'],['Creature'],"['Naga', 'Druid']",2,,Common,2,1,426878,{T}: Add one mana of any type that a land you control could produce.,"""The lands of the God-Pharaoh are suffused with his breath."""
Evolutionary Leap,Magic Origins,ORI,176,1,{1}{G},['Green'],['Enchantment'],,2,,Rare,,,398573,"{G}, Sacrifice a creature: Reveal cards from the top of your library until you reveal a creature card. Put that card into your hand and the rest on the bottom of your library in a random order.",The essence of nature is change.
Garruk's Companion,Magic 2011,M11,176,2,{G}{G},['Green'],['Creature'],['Beast'],2,,Common,2,3,205025,Trample (This creature can deal excess combat damage to the player or planeswalker it's attacking.),
Plains,Fate Reforged,FRF,177,2,,,['Land'],['Plains'],,,Common,,,391894,({T}: Add {W}.),
Ornery Kudu,Amonkhet,AKH,178,1,{2}{G},['Green'],['Creature'],['Antelope'],3,,Common,4,3,426880,"When Ornery Kudu enters the battlefield, put a -1/-1 counter on target creature you control.",Debate rages among the viziers whether comparing the kudu's horns to the God-Pharaoh's is blasphemy or reverence.
Island,Fate Reforged,FRF,178,2,,,['Land'],['Island'],,,Common,,,391859,({T}: Add {U}.),
Giant Growth,Magic 2011,M11,178,3,{G},['Green'],['Instant'],,1,,Common,,,205224,Target creature gets +3/+3 until end of turn.,
Naturalize,Magic 2013,M13,178,1,{1}{G},['Green'],['Instant'],,2,,Common,,,253672,Destroy target artifact or enchantment.,"""When your cities and trinkets crumble, only nature will remain."" —Garruk Wildspeaker"
Colossodon Yearling,Dragons of Tarkir,DTK,178,7,{2}{G},['Green'],['Creature'],['Beast'],3,,Common,4,2,394520,,"The colossodon's hard outer shell stops many predators, but with a gentle flip from a dragon, it quickly becomes a meal in a bowl."
Island,Fate Reforged,FRF,179,2,,,['Land'],['Island'],,,Common,,,391860,({T}: Add {U}.),
Pouncing Cheetah,Amonkhet,AKH,179,1,{2}{G},['Green'],['Creature'],['Cat'],3,,Common,2,3,426881,Flash,Rhonas's monument is home to a wider variety of creatures than anywhere else in the city of Naktamun—a feature most initiates fail to appreciate.
Hunt the Weak,Magic 2014,M14,179,4,{3}{G},['Green'],['Sorcery'],,4,,Common,,,370743,Put a +1/+1 counter on target creature you control. Then that creature fights target creature you don't control. (Each deals damage equal to its power to the other.),He who hesitates is lunch.
Hunt the Weak,Magic 2015,M15,179,11,{3}{G},['Green'],['Sorcery'],,4,,Common,,,383270,Put a +1/+1 counter on target creature you control. Then that creature fights target creature you don't control. (Each deals damage equal to its power to the other.),He who hesitates is lunch.
Conifer Strider,Dragons of Tarkir,DTK,179,6,{3}{G},['Green'],['Creature'],['Elemental'],4,,Common,1,5,394522,Hexproof (This creature can't be the target of spells or abilities your opponents control.),"Atarka's presence thaws the glaciers of Qal Sisma, forcing its elementals to migrate or adapt."
Swamp,Fate Reforged,FRF,180,2,,,['Land'],['Swamp'],,,Common,,,391934,({T}: Add {B}.),
Quarry Hauler,Amonkhet,AKH,181,1,{3}{G},['Green'],['Creature'],['Camel'],4,,Common,3,4,426883,"When Quarry Hauler enters the battlefield, for each kind of counter on target permanent, put another counter of that kind on it or remove one from it.","They labor beside the anointed, constructing the vast monuments of Naktamun."
Swamp,Fate Reforged,FRF,181,1,,,['Land'],['Swamp'],,,Common,,,391935,({T}: Add {B}.),
Hitchclaw Recluse,Magic Origins,ORI,181,3,{2}{G},['Green'],['Creature'],['Spider'],3,,Common,4,1,398676,Reach (This creature can block creatures with flying.),Not all spiders need webs to catch their prey.
Mountain,Fate Reforged,FRF,182,2,,,['Land'],['Mountain'],,,Common,,,391885,({T}: Add {R}.),
Fog,Magic 2010,M10,182,3,{G},['Green'],['Instant'],,1,,Common,,,189919,Prevent all combat damage that would be dealt this turn.,"""I fear no army or beast, but only the morning fog. Our assault can survive everything else."" —Lord Hilneth"
Mountain,Fate Reforged,FRF,183,1,,,['Land'],['Mountain'],,,Common,,,391886,({T}: Add {R}.),
Dragon-Scarred Bear,Dragons of Tarkir,DTK,183,3,{2}{G},['Green'],['Creature'],['Bear'],3,,Common,2,3,394553,Formidable — {1}{G}: Regenerate Dragon-Scarred Bear. Activate this ability only if creatures you control have total power 8 or greater.,Bears are a delicacy for the Atarka. The few that remain are the toughest of their species.
Forest,Fate Reforged,FRF,184,3,,,['Land'],['Forest'],,,Common,,,391836,({T}: Add {G}.),
Leaf Gilder,Magic Origins,ORI,184,1,{1}{G},['Green'],['Creature'],"['Elf', 'Druid']",2,,Common,1,2,398634,{T}: Add {G}.,"Eidren, perfect of Lys Alana, ordered hundreds of trees uprooted and rearranged into a pattern he deemed beautiful. Thus the Gilt-Leaf Wood was born."
Giant Growth,Magic 2010,M10,184,8,{G},['Green'],['Instant'],,1,,Common,,,189879,Target creature gets +3/+3 until end of turn.,
Forest,Fate Reforged,FRF,185,5,,,['Land'],['Forest'],,,Common,,,391835,({T}: Add {G}.),
Epic Confrontation,Dragons of Tarkir,DTK,185,1,{1}{G},['Green'],['Sorcery'],,2,,Common,,,394567,Target creature you control gets +1/+2 until end of turn. It fights target creature you don't control. (Each deals damage equal to its power to the other.),"No matter the timeline, some legends will endure."
Naturalize,Magic 2011,M11,186,4,{1}{G},['Green'],['Instant'],,2,,Common,,,207336,Destroy target artifact or enchantment.,"""Nature does not need adornment."" —Garruk Wildspeaker"
Ranger's Path,Magic 2013,M13,186,1,{3}{G},['Green'],['Sorcery'],,4,,Common,,,275699,Search your library for up to two Forest cards and put them onto the battlefield tapped. Then shuffle your library.,The forest can seem like a dense maze. Those who travel the canopy know otherwise.
Mantle of Webs,Magic Origins,ORI,187,4,{1}{G},['Green'],['Enchantment'],['Aura'],2,,Common,,,398577,Enchant creatureEnchanted creature gets +1/+3 and has reach. (It can block creatures with flying.),"""Why does everything the Golgari touch end up sticky?""—Arrester Lavinia, Tenth Precinct"
Spidery Grasp,Amonkhet,AKH,188,2,{2}{G},['Green'],['Instant'],,3,,Common,,,426890,Untap target creature. It gets +2/+4 and gains reach until end of turn. (It can block creatures with flying.),There are no safe paths through the Trial of Strength.
Might of the Masses,Magic Origins,ORI,188,2,{G},['Green'],['Instant'],,1,,Common,,,398662,Target creature gets +1/+1 until end of turn for each creature you control.,"The Joraga elves never need ask a troll to leave their territory. They merely grant it their combined strength, and it can't resist embarking on a merry rampage."
Glade Watcher,Dragons of Tarkir,DTK,188,5,{1}{G},['Green'],['Creature'],['Elemental'],2,,Common,3,3,394580,DefenderFormidable — {G}: Glade Watcher can attack this turn as though it didn't have defender. Activate this ability only if creatures you control have total power 8 or greater.,
Stinging Shot,Amonkhet,AKH,189,1,{G},['Green'],['Instant'],,1,,Common,,,426891,"Put three -1/-1 counters on target creature with flying.Cycling {2} ({2}, Discard this card: Draw a card.)",Initiates must train to resist the natural toxins they use as weapons.
Guardian Shield-Bearer,Dragons of Tarkir,DTK,189,2,{1}{G},['Green'],['Creature'],"['Human', 'Soldier']",2,,Common,1,2,394587,"Megamorph {3}{G} (You may cast this card face down as a 2/2 creature for {3}. Turn it face up any time for its megamorph cost and put a +1/+1 counter on it.)When Guardian Shield-Bearer is turned face up, put a +1/+1 counter on another target creature you control.",
Nissa's Pilgrimage,Magic Origins,ORI,190,4,{2}{G},['Green'],['Sorcery'],,3,,Common,,,398593,"Search your library for up to two basic Forest cards, reveal those cards, and put one onto the battlefield tapped and the rest into your hand. Then shuffle your library.Spell mastery — If there are two or more instant and/or sorcery cards in your graveyard, search your library for up to three basic Forest cards instead of two.",
Serpent's Gift,Magic 2013,M13,190,1,{2}{G},['Green'],['Instant'],,3,,Common,,,249666,Target creature gains deathtouch until end of turn. (Any amount of damage it deals to a creature is enough to destroy it.),Venom is nature's way of redressing the imbalance between weak and mighty.
Trial of Strength,Amonkhet,AKH,191,1,{2}{G},['Green'],['Enchantment'],,3,,Uncommon,,,426893,"When Trial of Strength enters the battlefield, create a 4/2 green Beast creature token.When a Cartouche enters the battlefield under your control, return Trial of Strength to its owner's hand.","""Instincts to guide. Strength to overcome."""
Orchard Spirit,Magic Origins,ORI,192,1,{2}{G},['Green'],['Creature'],['Spirit'],3,,Common,2,2,398644,Orchard Spirit can't be blocked except by creatures with flying or reach.,"""Pick not the rotten fruit, but neither touch the best. Leave those as an offering for our unseen guests.""—Radwick, farmer of Gatstaf"
Orchard Spirit,Magic Origins,ORI,192,2,{2}{G},['Green'],['Creature'],['Spirit'],3,,Common,2,2,398644,Orchard Spirit can't be blocked except by creatures with flying or reach.,"""Pick not the rotten fruit, but neither touch the best. Leave those as an offering for our unseen guests.""—Radwick, farmer of Gatstaf"
Rootwalla,Magic 2014,M14,192,2,{2}{G},['Green'],['Creature'],['Lizard'],3,,Common,2,2,370693,{1}{G}: Rootwalla gets +2/+2 until end of turn. Activate this ability only once each turn.,They make terrible pets . . . unless you don't like your other pets.
Watchful Naga,Amonkhet,AKH,193,1,{2}{G},['Green'],['Creature'],"['Naga', 'Wizard']",3,,Uncommon,2,2,426895,"You may exert Watchful Naga as it attacks. When you do, draw a card. (An exerted creature won't untap during your next untap step.)","The forked tongue of the naga is sensitive to drifting scent trails from the past, present, and sometimes even the future."
Rumbling Baloth,Magic 2014,M14,193,2,{2}{G}{G},['Green'],['Creature'],['Beast'],4,,Common,4,4,370764,,"In the dim light beneath the vast trees of Deepglade, baloths prowl in search of prey. Their guttural calls are more felt than heard, but their attack scream carries for miles."
Naturalize,Dragons of Tarkir,DTK,193,4,{1}{G},['Green'],['Instant'],,2,,Common,,,394634,Destroy target artifact or enchantment.,The remains of ancient civilizations litter the run-down land.
Ahn-Crop Champion,Amonkhet,AKH,194,1,{2}{G}{W},"['Green', 'White']",['Creature'],"['Human', 'Warrior']",4,,Uncommon,4,4,426896,"You may exert Ahn-Crop Champion as it attacks. When you do, untap all other creatures you control. (An exerted creature won't untap during your next untap step.)","""The Second Sun nears its destination! Let it light the way to ours!"""
Pharika's Disciple,Magic Origins,ORI,194,4,{3}{G},['Green'],['Creature'],"['Centaur', 'Warrior']",4,,Common,3,2,398531,"Deathtouch (Any amount of damage this deals to a creature is enough to destroy it.)Renown 1 (When this creature deals combat damage to a player, if it isn't renowned, put a +1/+1 counter on it and it becomes renowned.)",
Timberpack Wolf,Magic 2013,M13,194,1,{1}{G},['Green'],['Creature'],['Wolf'],2,,Common,2,2,249694,Timberpack Wolf gets +1/+1 for each other creature you control named Timberpack Wolf.,"""The need for the pack is bred in their bones. Their true strength will not show itself for any other purpose."" —Garruk Wildspeaker"
Reclaim,Magic Origins,ORI,195,,{G},['Green'],['Instant'],,1,,Common,,,398543,Put target card from your graveyard on top of your library.,The wise pay as much attention to what they throw away as to what they keep.
Naturalize,Magic 2010,M10,195,7,{1}{G},['Green'],['Instant'],,2,,Common,,,189896,Destroy target artifact or enchantment.,"If you want to destroy something lifeless, make it live."
Pinion Feast,Dragons of Tarkir,DTK,195,8,{4}{G},['Green'],['Instant'],,5,,Common,,,394647,Destroy target creature with flying. Bolster 2. (Choose a creature with the least toughness among creatures you control and put two +1/+1 counters on it.),"""Even paradise is not without tragedies."" —Sarkhan Vol"
Rhox Maulers,Magic Origins,ORI,196,3,{4}{G},['Green'],['Creature'],"['Rhino', 'Soldier']",5,,Common,4,4,398663,"Trample (This creature can deal excess combat damage to the player or planeswalker it's attacking.)Renown 2 (When this creature deals combat damage to a player, if it isn't renowned, put two +1/+1 counters on it and it becomes renowned.)",
Decimator Beetle,Amonkhet,AKH,197,1,{3}{B}{G},"['Black', 'Green']",['Creature'],['Insect'],5,,Uncommon,5,4,426899,"When Decimator Beetle enters the battlefield, put a -1/-1 counter on target creature you control.Whenever Decimator Beetle attacks, remove a -1/-1 counter from target creature you control and put a -1/-1 counter on up to one target creature defending player controls.",
Skysnare Spider,Magic Origins,ORI,197,1,{4}{G}{G},['Green'],['Creature'],['Spider'],6,,Uncommon,6,6,398650,Vigilance (Attacking doesn't cause this creature to tap.)Reach (This creature can block creatures with flying.),The only thing more ill-tempered than a griffin in a web is the spider that must subdue it.
Runeclaw Bear,Magic 2015,M15,197,3,{1}{G},['Green'],['Creature'],['Bear'],2,,Common,2,2,383368,,The magic of the elves leaves its mark on the forest. The magic of the forest leaves its mark on the animals who live there. The animals of the forest leave their mark on all who trespass.
Revealing Wind,Dragons of Tarkir,DTK,197,6,{2}{G},['Green'],['Instant'],,3,,Common,,,394665,Prevent all combat damage that would be dealt this turn. You may look at each face-down creature that's attacking or blocking.,"""The sands obscure the vision of others, but clarify ours."" —Faiso, Dromoka commander"
Somberwald Alpha,Magic Origins,ORI,198,2,{3}{G},['Green'],['Creature'],['Wolf'],4,,Uncommon,2,3,398626,"Whenever a creature you control becomes blocked, it gets +1/+1 until end of turn.{1}{G}: Target creature you control gains trample until end of turn. (It can deal excess combat damage to the player or planeswalker it's attacking.)",
Sylvan Ranger,Magic 2011,M11,198,1,{1}{G},['Green'],['Creature'],"['Elf', 'Scout']",2,,Common,1,1,204976,"When Sylvan Ranger enters the battlefield, you may search your library for a basic land card, reveal it, put it into your hand, then shuffle your library.","""Not all paths are found on the forest floor."""
Timberpack Wolf,Magic Origins,ORI,200,2,{1}{G},['Green'],['Creature'],['Wolf'],2,,Common,2,2,398445,Timberpack Wolf gets +1/+1 for each other creature you control named Timberpack Wolf.,Their strength is no mere numbers game. An intangible force augments the wolves when they run together.
Sandsteppe Scavenger,Dragons of Tarkir,DTK,200,4,{4}{G},['Green'],['Creature'],"['Hound', 'Scout']",5,,Common,2,2,394673,"When Sandsteppe Scavenger enters the battlefield, bolster 2. (Choose a creature with the least toughness among creatures you control and put two +1/+1 counters on it.)","""Sad what passes for a dragon among the Silumgar."""
Rampant Growth,Magic 2010,M10,201,11,{1}{G},['Green'],['Sorcery'],,2,,Common,,,189887,Search your library for a basic land card and put that card onto the battlefield tapped. Then shuffle your library.,Nature grows solutions to its problems.
Undercity Troll,Magic Origins,ORI,202,,{1}{G},['Green'],['Creature'],['Troll'],2,,Uncommon,2,2,398568,"Renown 1 (When this creature deals combat damage to a player, if it isn't renowned, put a +1/+1 counter on it and it becomes renowned.){2}{G}: Regenerate Undercity Troll. (The next time this creature would be destroyed this turn, it isn't. Instead tap it, remove all damage from it, and remove it from combat.)",
Segmented Krotiq,Dragons of Tarkir,DTK,202,7,{5}{G},['Green'],['Creature'],['Insect'],6,,Common,5,6,394684,Megamorph {6}{G} (You may cast this card face down as a 2/2 creature for {3}. Turn it face up any time for its megamorph cost and put a +1/+1 counter on it.),The list of things a krotiq eats is as long as the krotiq itself.
Valeron Wardens,Magic Origins,ORI,203,2,{2}{G},['Green'],['Creature'],"['Human', 'Monk']",3,,Uncommon,3,1,398447,"Renown 2 (When this creature deals combat damage to a player, if it isn't renowned, put two +1/+1 counters on it and it becomes renowned.)Whenever a creature you control becomes renowned, draw a card.",
Woodborn Behemoth,Magic 2014,M14,203,1,{3}{G}{G},['Green'],['Creature'],['Elemental'],5,,Uncommon,4,4,370665,"As long as you control eight or more lands, Woodborn Behemoth gets +4/+4 and has trample. (It can deal excess combat damage to the player or planeswalker it's attacking.)",
Titanic Growth,Magic 2015,M15,203,5,{1}{G},['Green'],['Instant'],,2,,Common,,,383415,Target creature gets +4/+4 until end of turn.,The massive dominate through might. The tiny survive with guile. Beware the tiny who become massive.
Vastwood Gorger,Magic Origins,ORI,204,3,{5}{G},['Green'],['Creature'],['Wurm'],6,,Common,6,5,398469,,"""A long and difficult incision revealed that all vital organs are housed in the head, save for a long chain of stomachs, forty in all, leading from its throat to the end of the tail.""—Mulak Ffar, Vastwood Biodiversity"
Vine Snare,Magic Origins,ORI,205,2,{2}{G},['Green'],['Instant'],,3,,Common,,,398658,Prevent all combat damage that would be dealt this turn by creatures with power 4 or less.,Nissa found that the vines of the marsh could ensnare just as well as forest vines could—maybe even better.
Shape the Sands,Dragons of Tarkir,DTK,205,7,{G},['Green'],['Instant'],,1,,Common,,,394690,Target creature gets +0/+5 and gains reach until end of turn. (It can block creatures with flying.),"""Dragons in flight seldom expect company."" —Kadri, Dromoka warrior"
Shadowstorm Vizier,Amonkhet,AKH,206,1,{U}{B},"['Black', 'Blue']",['Creature'],"['Human', 'Cleric']",2,,Uncommon,3,1,426908,"FlyingWhenever you cycle or discard a card, Shadowstorm Vizier gets +1/+1 until end of turn.",She can coil a breeze like a string around her finger—or twist it into a noose.
Wild Instincts,Magic Origins,ORI,206,1,{3}{G},['Green'],['Sorcery'],,4,,Common,,,398508,Target creature you control gets +2/+2 until end of turn. It fights target creature an opponent controls. (Each deals damage equal to its power to the other.),"Nissa had only the space of a heartbeat to react, her instincts steering her blade."
Sheltered Aerie,Dragons of Tarkir,DTK,206,6,{2}{G},['Green'],['Enchantment'],['Aura'],3,,Common,,,394691,"Enchant landEnchanted land has ""{T}: Add two mana of any one color.""","Dromoka's scalelords patrol the skies over Arashin, offering her people safety from the harsh world."
Sight of the Scalelords,Dragons of Tarkir,DTK,207,2,{4}{G},['Green'],['Enchantment'],,5,,Uncommon,,,394698,"At the beginning of combat on your turn, creatures you control with toughness 4 or greater get +2/+2 and gain vigilance until end of turn.","""The Silumgar creep around our borders and infiltrate our aeries. We must remain ever watchful."" —Golran, Dromoka captain"
Yeva's Forcemage,Magic Origins,ORI,208,1,{2}{G},['Green'],['Creature'],"['Elf', 'Shaman']",3,,Common,2,2,398424,"When Yeva's Forcemage enters the battlefield, target creature gets +2/+2 until end of turn.","""Nature can't be stopped. It rips and tears at Ravnica's tallest buildings to claim its place in the sun."""
Stampeding Elk Herd,Dragons of Tarkir,DTK,208,6,{3}{G}{G},['Green'],['Creature'],['Elk'],5,,Common,5,5,394710,"Formidable — Whenever Stampeding Elk Herd attacks, if creatures you control have total power 8 or greater, creatures you control gain trample until end of turn.","The Atarka use them not just for food, but also to clear away snow, trees, and enemy forces."
Dawn,Amonkhet,AKH,210,1,{3}{W}{W},['White'],['Sorcery'],,9,,Rare,,,426912,Aftermath (Cast this spell only from your graveyard. Then exile it.)Return all creature cards with power 2 or less from your graveyard to your hand.,
Blazing Hellhound,Magic Origins,ORI,210,,{2}{B}{R},"['Black', 'Red']",['Creature'],"['Elemental', 'Hound']",4,,Uncommon,3,4,398660,"{1}, Sacrifice another creature: Blazing Hellhound deals 1 damage to any target.",It tears the flesh from your bones and then swallows the ash with its fiery maw.
Memory,Amonkhet,AKH,211,1,{4}{U}{U},['Blue'],['Sorcery'],,10,,Rare,,,426913,"Aftermath (Cast this spell only from your graveyard. Then exile it.)Each player shuffles their hand and graveyard into their library, then draws seven cards.",
Tread Upon,Dragons of Tarkir,DTK,211,10,{1}{G},['Green'],['Instant'],,2,,Common,,,394732,Target creature gets +2/+2 and gains trample until end of turn.,"""Boasting impenetrable defenses only draws the most tenacious of attackers."" —Yikaro, Atarka warrior"
Iroas's Champion,Magic Origins,ORI,214,1,{1}{R}{W},"['Red', 'White']",['Creature'],"['Human', 'Soldier']",3,,Uncommon,2,2,398653,Double strike (This creature deals both first-strike and regular combat damage.),"Accustomed to battling before an audience in the arena, Iroas's champions know how to put on a good show."
Possessed Skaab,Magic Origins,ORI,215,1,{3}{U}{B},"['Black', 'Blue']",['Creature'],['Zombie'],5,,Uncommon,2,3,398657,"When Possessed Skaab enters the battlefield, return target instant, sorcery, or creature card from your graveyard to your hand.If Possessed Skaab would die, exile it instead.",A stitcher's attempt at a skaab with a soul.
Reclusive Artificer,Magic Origins,ORI,216,,{2}{U}{R},"['Red', 'Blue']",['Creature'],"['Human', 'Artificer']",4,,Uncommon,3,2,398521,"Haste (This creature can attack and {T} as soon as it comes under your control.)When Reclusive Artificer enters the battlefield, you may have it deal damage to target creature equal to the number of artifacts you control.",
Lead,Amonkhet,AKH,217,1,{3}{G},['Green'],['Sorcery'],,6,,Uncommon,,,426919,Aftermath (Cast this spell only from your graveyard. Then exile it.)All creatures able to block target creature this turn do so.,
Comply,Amonkhet,AKH,221,1,{W},['White'],['Sorcery'],,3,,Rare,,,426923,"Aftermath (Cast this spell only from your graveyard. Then exile it.)Choose a card name. Until your next turn, your opponents can't cast spells with the chosen name.",
Ancestral Statue,Dragons of Tarkir,DTK,234,7,{4},,"['Artifact', 'Creature']",['Golem'],4,,Common,4,3,394491,"When Ancestral Statue enters the battlefield, return a nonland permanent you control to its owner's hand.","The mage awakened the statue in hopes of learning the lost lore of her clan, but the statue was interested only in war."
Island,Shards of Alara,ALA,235,1,,,['Land'],['Island'],,,Common,,,174978,({T}: Add {U}.),
Island,Magic 2010,M10,235,1,,,['Land'],['Island'],,,Common,,,191389,({T}: Add {U}.),
Custodian of the Trove,Dragons of Tarkir,DTK,236,7,{3},,"['Artifact', 'Creature']",['Golem'],3,,Common,5,2,394527,DefenderCustodian of the Trove enters the battlefield tapped.,Silumgar delights in repurposing the treasures of other clans to serve his own ravenous greed.
Gate Smasher,Dragons of Tarkir,DTK,239,1,{3},,['Artifact'],['Equipment'],3,,Uncommon,,,394579,Gate Smasher can be attached only to a creature with toughness 4 or greater.Equipped creature gets +3/+0 and has trample.Equip {3},
Swamp,Shards of Alara,ALA,240,1,,,['Land'],['Swamp'],,,Common,,,175088,({T}: Add {B}.),
Keeper of the Lens,Dragons of Tarkir,DTK,240,3,{1},,"['Artifact', 'Creature']",['Golem'],1,,Common,2,1,394606,You may look at face-down creatures you don't control any time.,"""It sees all, but it reveals what it sees only to a chosen few."" —Taigam, Ojutai master"
Grasping Dunes,Amonkhet,AKH,244,1,,,['Land'],['Desert'],,,Uncommon,,,426946,"{T}: Add {C}.{1}, {T}, Sacrifice Grasping Dunes: Put a -1/-1 counter on target creature. Activate this ability only any time you could cast a sorcery.",
Spidersilk Net,Dragons of Tarkir,DTK,244,8,{0},,['Artifact'],['Equipment'],,,Common,,,394708,Equipped creature gets +0/+2 and has reach. (It can block creatures with flying.)Equip {2} ({2}: Attach to target creature you control. Equip only as a sorcery.),"""Dragons are our betters, but we will fight them if our dragonlord orders it."""
Irrigated Farmland,Amonkhet,AKH,245,1,,,['Land'],"['Plains', 'Island']",,,Rare,,,426947,"({T}: Add {W} or {U}.)Irrigated Farmland enters the battlefield tapped.Cycling {2} ({2}, Discard this card: Draw a card.)",
Vial of Dragonfire,Dragons of Tarkir,DTK,247,2,{2},,['Artifact'],,2,,Common,,,394738,"{2}, {T}, Sacrifice Vial of Dragonfire: It deals 2 damage to target creature.","Designed by an ancient artificer, the vials are strong enough to hold the very breath of a dragon—until it's needed."
Forest,Shards of Alara,ALA,248,1,,,['Land'],['Forest'],,,Common,,,174928,({T}: Add {G}.),
Sunscorched Desert,Amonkhet,AKH,249,1,,,['Land'],['Desert'],,,Common,,,426951,"When Sunscorched Desert enters the battlefield, it deals 1 damage to target player or planeswalker.{T}: Add {C}.",The only relief in sight is a mirage.
Plains,Battle for Zendikar,BFZ,251,1,,,['Land'],['Plains'],,,Common,,,401993,({T}: Add {W}.),
Mountain,Amonkhet,AKH,253,1,,,['Land'],['Mountain'],,269,Common,,,426955,({T}: Add {R}.),
Island,Battle for Zendikar,BFZ,255,1,,,['Land'],['Island'],,,Common,,,401925,({T}: Add {U}.),
Island,Battle for Zendikar,BFZ,256,1,,,['Land'],['Island'],,274,Common,,,401923,({T}: Add {U}.),
Island,Battle for Zendikar,BFZ,257,1,,,['Land'],['Island'],,274,Common,,,401926,({T}: Add {U}.),
Island,Battle for Zendikar,BFZ,258,1,,,['Land'],['Island'],,274,Common,,,401927,({T}: Add {U}.),
Island,Battle for Zendikar,BFZ,259,1,,,['Land'],['Island'],,274,Common,,,401921,({T}: Add {U}.),
Island,Amonkhet,AKH,259,1,,,['Land'],['Island'],,,Common,,,426961,({T}: Add {U}.),
Swamp,Battle for Zendikar,BFZ,260,1,,,['Land'],['Swamp'],,,Common,,,402061,({T}: Add {B}.),
Swamp,Battle for Zendikar,BFZ,261,1,,,['Land'],['Swamp'],,,Common,,,402058,({T}: Add {B}.),
Swamp,Khans of Tarkir,KTK,261,1,,,['Land'],['Swamp'],,,Common,,,386684,({T}: Add {B}.),
Swamp,Battle for Zendikar,BFZ,262,1,,,['Land'],['Swamp'],,,Common,,,402060,({T}: Add {B}.),
Swamp,Battle for Zendikar,BFZ,263,1,,,['Land'],['Swamp'],,,Common,,,402059,({T}: Add {B}.),
Swamp,Battle for Zendikar,BFZ,264,1,,,['Land'],['Swamp'],,,Common,,,402062,({T}: Add {B}.),
Mountain,Battle for Zendikar,BFZ,265,1,,,['Land'],['Mountain'],,,Common,,,401962,({T}: Add {R}.),
Forest,Khans of Tarkir,KTK,267,1,,,['Land'],['Forest'],,,Common,,,386540,({T}: Add {G}.),
Forest,Battle for Zendikar,BFZ,270,1,,,['Land'],['Forest'],,,Common,,,401889,({T}: Add {G}.),
Forest,Battle for Zendikar,BFZ,271,1,,,['Land'],['Forest'],,,Common,,,401888,({T}: Add {G}.),
Forest,Battle for Zendikar,BFZ,272,1,,,['Land'],['Forest'],,,Common,,,401891,({T}: Add {G}.),
Forest,Battle for Zendikar,BFZ,274,1,,,['Land'],['Forest'],,,Common,,,401890,({T}: Add {G}.),
Island,Ravnica: City of Guilds,RAV,293,1,,,['Land'],['Island'],,,Common,,,95100,({T}: Add {U}.),
,,ORI,43,,,,,,,,,,,,,
